name,year,author,word1,freq1,word2,freq2,word3,freq3
Suspendisse potenti.,2011,Bryn Kemish,nec,29,primis,43,pellentesque,74
Etiam pretium iaculis justo.,1994,Belvia Mateescu,in,12,volutpat,53,quis,90
"Donec odio justo, sollicitudin ut, suscipit a, feugiat et, eros.",2000,Temple Ranns,non,56,adipiscing,67,eu,10
Aenean sit amet justo.,1996,Dreddy Eyden,massa,23,lectus,67,tincidunt,90
Duis ac nibh.,2012,Yancey Wallwood,posuere,42,tortor,89,pulvinar,74
In congue.,2008,Annaliese Gouinlock,habitasse,42,vestibulum,65,nunc,84
Integer ac neque.,2012,May Treend,erat,12,sit,65,at,10
Proin at turpis a pede posuere nonummy.,2012,Adrea Purches,iaculis,76,phasellus,59,habitasse,92
Aliquam non mauris.,2007,Waiter Swales,quisque,53,justo,89,libero,10
Proin risus.,2001,Conrade Jozsef,mauris,29,diam,120,nulla,84
Morbi quis tortor id nulla ultrices aliquet.,1997,Mireille Khristoforov,elementum,98,morbi,59,a,92
In congue.,1996,Darren Treacher,tincidunt,12,eu,120,luctus,19
Duis bibendum.,2010,Chan Krahl,tincidunt,23,ligula,19,sodales,92
Nullam sit amet turpis elementum ligula vehicula consequat.,1996,Raine Lesek,in,93,felis,120,integer,89
Duis aliquam convallis nunc.,2007,Chauncey Beves,eros,53,lectus,19,duis,89
Suspendisse ornare consequat lectus.,2013,Cati Gounet,nulla,84,justo,43,donec,84
Cras non velit nec nisi vulputate nonummy.,1999,Ruthanne Muehle,accumsan,56,lorem,53,pretium,19
"Nam ultrices, libero non mattis pulvinar, nulla pede ullamcorper augue, a suscipit nulla elit ac nulla.",2005,Zita Alberts,faucibus,23,nunc,89,aliquam,92
Pellentesque eget nunc.,1996,Fanechka Lacy,libero,98,nam,53,lorem,92
Suspendisse potenti.,2007,Borden Missington,vestibulum,98,penatibus,73,maecenas,18
Nunc nisl.,1999,Susana Jone,habitasse,56,lacinia,73,accumsan,84
Nunc nisl.,1997,Jaquelyn Pickthorne,lacinia,29,justo,67,elit,92
Integer tincidunt ante vel ipsum.,1998,Rosabel Rings,pretium,93,mi,67,ut,80
In quis justo.,1992,Gail Venn,bibendum,29,platea,19,elementum,10
Donec dapibus.,2000,Gunner Bariball,scelerisque,76,purus,43,morbi,19
Suspendisse potenti.,1984,Colleen Howis,id,23,ipsum,53,mauris,84
"In tempor, turpis nec euismod scelerisque, quam turpis adipiscing lorem, vitae mattis nibh ligula nec sem.",2011,Meris Gault,velit,29,massa,73,turpis,89
Nulla tellus.,1993,Nerti Gerb,etiam,42,imperdiet,59,pede,19
In congue.,2012,Goddart Tettley,sem,12,sit,67,pede,129
Morbi ut odio.,2006,Rodolphe Bramont,aenean,53,faucibus,53,nisi,90
Mauris sit amet eros.,2007,Say Dossetter,nisl,84,donec,73,sapien,19
Nulla ac enim.,1994,Skelly Eldin,volutpat,56,sit,59,nisl,92
Etiam vel augue.,2006,Tamera Clint,nullam,12,elementum,43,sed,10
Nulla nisl.,1986,Candice M'Quharg,convallis,23,a,43,sed,90
"Maecenas tristique, est et tempus semper, est quam pharetra magna, ac consequat metus sapien ut nunc.",1994,Tyrone Wincer,quam,56,magnis,65,et,10
Sed sagittis.,2000,Easter Seaman,ipsum,23,cubilia,67,amet,10
"Lorem ipsum dolor sit amet, consectetuer adipiscing elit.",1990,Edith Maylour,massa,42,in,65,sed,80
Curabitur in libero ut massa volutpat convallis.,1993,Cherice Bjerkan,aliquet,42,in,89,turpis,129
Suspendisse accumsan tortor quis turpis.,1992,Rollins De La Coste,sit,84,at,67,imperdiet,74
Aenean sit amet justo.,2001,Eran Deniso,aliquet,76,tortor,59,vulputate,89
Pellentesque viverra pede ac diam.,1994,Ainslee Heggie,ante,76,vestibulum,73,non,10
Proin risus.,1998,Jasun Awdry,fermentum,29,pellentesque,73,lacinia,18
Praesent lectus.,2002,Niccolo Dismore,ornare,23,id,53,nulla,89
Vivamus vestibulum sagittis sapien.,1992,Lorine Gilman,cubilia,84,quis,120,porta,19
Mauris lacinia sapien quis libero.,2007,Adorne Gayler,quam,29,ac,67,duis,74
Nulla mollis molestie lorem.,1997,Dale Drohun,varius,12,amet,53,penatibus,84
"Proin leo odio, porttitor id, consequat in, consequat ut, nulla.",2007,Cortney Baudic,maecenas,76,integer,67,rutrum,10
Etiam justo.,1999,Shirlee Jensen,in,42,cubilia,89,in,92
Cras pellentesque volutpat dui.,2008,Thoma Rainey,ut,23,felis,59,fusce,10
Proin at turpis a pede posuere nonummy.,1996,Munroe Twigge,pretium,23,purus,67,nulla,10
Nulla facilisi.,2012,Sarge Weond,justo,23,donec,89,viverra,10
"Morbi vestibulum, velit id pretium iaculis, diam erat fermentum justo, nec condimentum neque sapien placerat ante.",1967,Essie Filipputti,rutrum,29,et,53,praesent,10
Aliquam non mauris.,2001,Geno Brounsell,volutpat,23,pretium,67,ullamcorper,80
"Nam ultrices, libero non mattis pulvinar, nulla pede ullamcorper augue, a suscipit nulla elit ac nulla.",1989,Renate Idel,erat,56,ac,43,ac,80
Integer tincidunt ante vel ipsum.,2006,Onofredo Raddin,in,84,aliquet,67,eget,74
Aenean sit amet justo.,2003,Pauli Maharry,lectus,84,ultrices,65,tincidunt,89
Vivamus tortor.,1991,Fidole Vernazza,congue,53,dapibus,67,id,129
Mauris ullamcorper purus sit amet nulla.,2012,Inger Olwen,ut,42,proin,43,suscipit,19
Etiam faucibus cursus urna.,1998,Mathilde Dimmick,convallis,23,ut,73,felis,89
Cras non velit nec nisi vulputate nonummy.,2008,Base Joll,ipsum,12,lorem,19,luctus,10
Fusce posuere felis sed lacus.,1964,Lockwood Gimenez,ultrices,98,dapibus,43,eget,90
In hac habitasse platea dictumst.,2008,Law Cookes,sed,53,nulla,67,sociis,18
Vivamus vel nulla eget eros elementum pellentesque.,2000,Dorene Varnals,tellus,53,pellentesque,65,auctor,10
Donec dapibus.,2005,Edithe Goodhew,ut,29,justo,73,vestibulum,19
"Quisque arcu libero, rutrum ac, lobortis vel, dapibus at, diam.",2010,Eb Bowers,viverra,53,tortor,19,in,90
Duis bibendum.,2006,Chrissie Fewlass,dolor,53,vivamus,67,metus,89
Vestibulum ante ipsum primis in faucibus orci luctus et ultrices posuere cubilia Curae; Duis faucibus accumsan odio.,2008,Tamarah Leversha,neque,56,risus,59,sapien,89
Nunc nisl.,1987,Domingo Levine,ac,23,consequat,120,vel,74
Donec dapibus.,2008,Lydon Robins,dictumst,53,pellentesque,67,etiam,80
Morbi porttitor lorem id ligula.,2004,Lavinia Elsey,lacinia,93,aenean,73,pellentesque,89
"Donec diam neque, vestibulum eget, vulputate ut, ultrices vel, augue.",1997,Gerladina Bayford,primis,12,pede,89,et,10
Nulla tempus.,1970,Ginny Ferras,varius,29,in,120,viverra,89
Praesent blandit lacinia erat.,2001,Cathleen Khan,sit,98,porttitor,120,neque,84
Morbi non quam nec dui luctus rutrum.,2004,Wald Swayton,nulla,23,mi,65,elit,129
Maecenas ut massa quis augue luctus tincidunt.,2009,Weider Stirley,luctus,84,aliquam,19,odio,18
"Nullam orci pede, venenatis non, sodales sed, tincidunt eu, felis.",2007,Lorry Tomik,lectus,42,hac,59,justo,10
Quisque porta volutpat erat.,2012,Brigit Ternault,ut,42,justo,73,suspendisse,19
Nunc rhoncus dui vel sem.,1992,Rinaldo Monro,fusce,98,nam,120,vestibulum,89
Curabitur convallis.,2002,Lyell Stoggles,in,93,est,120,mus,84
Suspendisse accumsan tortor quis turpis.,2006,Legra Rodgers,nulla,23,turpis,43,varius,129
"Quisque erat eros, viverra eget, congue eget, semper rutrum, nulla.",1992,Lorenzo Trye,adipiscing,56,justo,59,faucibus,84
Ut tellus.,2008,Desirae Rebeiro,vel,53,natoque,65,non,92
Aenean sit amet justo.,2005,Monah Duckwith,at,84,a,67,in,90
"Nam congue, risus semper porta volutpat, quam pede lobortis ligula, sit amet eleifend pede libero quis orci.",1987,Natale Faulconbridge,nibh,42,ut,43,in,80
Mauris ullamcorper purus sit amet nulla.,2004,Gayle Manzell,amet,84,gravida,43,id,89
Proin at turpis a pede posuere nonummy.,2009,Tabbie Wallage,ut,84,ipsum,43,nisl,80
Integer non velit.,1986,Greer Cordingley,at,53,ligula,65,amet,89
Suspendisse potenti.,2008,Roxanna Sponton,elementum,42,felis,120,faucibus,10
"Fusce congue, diam id ornare imperdiet, sapien urna pretium nisl, ut volutpat sapien arcu sed augue.",2011,Hedda Meriot,mi,29,montes,89,vel,80
"Quisque erat eros, viverra eget, congue eget, semper rutrum, nulla.",2001,Gael Hansod,quis,84,sem,67,commodo,90
"Nullam orci pede, venenatis non, sodales sed, tincidunt eu, felis.",2007,Sullivan Maghull,sagittis,29,amet,67,magna,18
Vivamus vestibulum sagittis sapien.,2002,Jyoti Boyce,erat,93,magna,67,erat,74
Quisque porta volutpat erat.,2009,Rollie Palay,nascetur,29,cubilia,73,lectus,74
Ut tellus.,1965,Vin Pegram,quis,42,adipiscing,73,ac,90
Pellentesque eget nunc.,2000,Gilda Gyver,nonummy,56,sem,73,volutpat,10
Suspendisse potenti.,2006,Wallas Howship,nullam,56,nec,89,facilisi,92
Donec ut dolor.,1988,Gayle Joannic,rhoncus,12,faucibus,65,vestibulum,129
Fusce posuere felis sed lacus.,1996,Mahmoud Culbard,phasellus,42,viverra,67,vulputate,90
In hac habitasse platea dictumst.,2010,Raina Roy,purus,12,porttitor,59,mauris,129
Duis aliquam convallis nunc.,2009,Addi Lukianovich,sed,84,risus,73,morbi,84
"Integer aliquet, massa id lobortis convallis, tortor risus dapibus augue, vel accumsan tellus nisi eu orci.",2012,Sophronia Raffels,ac,98,in,43,ac,90
Ut at dolor quis odio consequat varius.,1988,Ros Alf,vitae,84,convallis,120,orci,89
Phasellus id sapien in sapien iaculis congue.,1995,Reese Croisdall,ut,76,ut,59,tempus,92
Morbi non lectus.,2000,Toma Gobell,porttitor,98,ligula,89,id,89
Duis aliquam convallis nunc.,2008,Roxanna Hourihan,suspendisse,12,etiam,67,libero,80
Suspendisse potenti.,1989,Kania Witherop,amet,56,blandit,43,integer,10
Duis aliquam convallis nunc.,1999,Vladamir McElhargy,ridiculus,93,lorem,53,sed,19
Nullam sit amet turpis elementum ligula vehicula consequat.,2003,Gwennie Wudeland,aliquet,76,ut,65,lacus,74
"Lorem ipsum dolor sit amet, consectetuer adipiscing elit.",2005,Haily McCuis,tempor,12,enim,53,ut,129
Vestibulum sed magna at nunc commodo placerat.,2001,Ron Lippini,justo,56,arcu,89,vulputate,80
Aenean auctor gravida sem.,2013,Claudia Currao,dignissim,76,posuere,53,accumsan,84
Morbi non quam nec dui luctus rutrum.,2008,Darcy Paley,sapien,53,lorem,67,sapien,129
In quis justo.,1999,Noell Syddall,praesent,98,cursus,53,venenatis,89
Nunc rhoncus dui vel sem.,2009,Carol Braine,viverra,12,ultrices,89,etiam,10
In hac habitasse platea dictumst.,2005,Juli Darlasson,turpis,12,vel,59,nunc,80
Ut tellus.,1969,Daven Chambers,justo,53,molestie,53,sit,90
Duis at velit eu est congue elementum.,2006,Rheba McAvaddy,condimentum,84,vel,43,eget,19
Donec posuere metus vitae ipsum.,2012,Emanuele Rupp,justo,42,ipsum,53,dis,89
Integer ac leo.,2007,Emylee Mawson,consectetuer,12,pede,73,turpis,18
In congue.,1995,Em Bramelt,neque,98,aliquam,59,tempus,10
In congue.,1993,Auria Carse,pretium,42,non,67,curae,84
"Vivamus metus arcu, adipiscing molestie, hendrerit at, vulputate vitae, nisl.",2000,Christabella Zorn,diam,53,curae,53,lobortis,18
"Cum sociis natoque penatibus et magnis dis parturient montes, nascetur ridiculus mus.",1989,Weber Migheli,dapibus,12,sed,67,leo,10
Vivamus vel nulla eget eros elementum pellentesque.,1997,Cherie Zimek,quisque,76,quam,65,viverra,80
Proin eu mi.,1996,Boonie Juster,morbi,93,orci,120,lectus,92
"Cum sociis natoque penatibus et magnis dis parturient montes, nascetur ridiculus mus.",1997,Laverne Donohoe,ipsum,98,phasellus,89,potenti,92
In sagittis dui vel nisl.,1968,Kissie Spawforth,mattis,93,id,43,a,80
Nam nulla.,1967,Cathleen Guidotti,donec,12,congue,67,sed,74
Vivamus vel nulla eget eros elementum pellentesque.,2009,Willem Doche,ultrices,23,cubilia,120,in,80
Praesent id massa id nisl venenatis lacinia.,2006,Clayton Leagas,quam,42,nunc,53,lobortis,92
Pellentesque at nulla.,2007,Yettie Bortoletti,morbi,76,turpis,67,sapien,74
Vivamus tortor.,1988,Larry Congreave,nec,23,adipiscing,19,sed,129
Duis at velit eu est congue elementum.,2004,Kaleb Wharmby,amet,29,at,67,tellus,10
Maecenas tincidunt lacus at velit.,2006,Nickola Lorrie,aliquam,84,elementum,89,sapien,80
Cras pellentesque volutpat dui.,2012,Isa Abelovitz,lorem,23,nascetur,73,quis,10
"Vivamus metus arcu, adipiscing molestie, hendrerit at, vulputate vitae, nisl.",2006,Winnah Lowres,nec,98,amet,89,nec,89
"Lorem ipsum dolor sit amet, consectetuer adipiscing elit.",1985,Deanna Janning,fusce,84,velit,19,orci,74
Integer a nibh.,2002,Alanson Steele,dui,42,donec,59,quis,18
"In est risus, auctor sed, tristique in, tempus sit amet, sem.",1989,Avictor Connue,cubilia,56,semper,67,et,80
Nulla mollis molestie lorem.,2001,Daron Telling,ut,29,morbi,19,duis,80
Etiam vel augue.,2002,Velvet Zukerman,felis,29,mi,67,nec,84
"Aliquam augue quam, sollicitudin vitae, consectetuer eget, rutrum at, lorem.",1996,Andie Beccera,condimentum,29,nisl,73,volutpat,10
Proin eu mi.,1998,Arron Bjerkan,dolor,84,mattis,43,ut,19
Morbi porttitor lorem id ligula.,1991,Gabe Tuft,integer,84,penatibus,43,rhoncus,89
Nullam porttitor lacus at turpis.,2009,Wiatt Linklater,dui,76,sit,59,in,80
Vestibulum ante ipsum primis in faucibus orci luctus et ultrices posuere cubilia Curae; Nulla dapibus dolor vel est.,1990,Erna Pattingson,ipsum,93,ultrices,65,magna,90
In hac habitasse platea dictumst.,2002,Karita Cankett,eu,23,quam,53,cubilia,129
"Integer aliquet, massa id lobortis convallis, tortor risus dapibus augue, vel accumsan tellus nisi eu orci.",1999,Gordon Hiner,venenatis,98,donec,59,mi,10
Nunc purus.,2007,Blinny Jacobowicz,interdum,76,erat,53,dictumst,19
Nulla tempus.,1999,Antonina Stapford,amet,53,volutpat,67,risus,92
Suspendisse potenti.,2002,Antonietta Tatem,curabitur,42,ut,120,cursus,84
"Lorem ipsum dolor sit amet, consectetuer adipiscing elit.",2012,Elyssa Reisin,nulla,42,cubilia,73,eros,92
Donec quis orci eget orci vehicula condimentum.,1994,Melania Mayler,lorem,93,leo,53,nunc,74
Curabitur in libero ut massa volutpat convallis.,1961,Costa Saxon,sit,23,magnis,65,quam,74
Nunc nisl.,2007,Merill Drewitt,vivamus,23,ligula,53,integer,84
Duis aliquam convallis nunc.,1994,Tate Reinhard,nulla,56,turpis,67,quam,89
Aenean auctor gravida sem.,1999,Ted Filpo,ultrices,53,pede,19,enim,129
Vestibulum ante ipsum primis in faucibus orci luctus et ultrices posuere cubilia Curae; Mauris viverra diam vitae quam.,1986,Tirrell Gillebride,quis,29,mi,120,amet,90
Vestibulum ante ipsum primis in faucibus orci luctus et ultrices posuere cubilia Curae; Nulla dapibus dolor vel est.,1999,Addison Rowbotham,dui,76,at,43,tempus,129
Sed vel enim sit amet nunc viverra dapibus.,1993,Christy Billham,felis,53,dictumst,53,ac,89
Fusce posuere felis sed lacus.,2004,Robers Elders,amet,42,erat,120,eu,18
"Donec odio justo, sollicitudin ut, suscipit a, feugiat et, eros.",1994,Cristi Gurys,ipsum,42,adipiscing,43,amet,80
"Cum sociis natoque penatibus et magnis dis parturient montes, nascetur ridiculus mus.",2008,Cristionna Schiell,nulla,84,amet,65,eleifend,10
Maecenas pulvinar lobortis est.,2001,Tobe Hayler,vulputate,12,cras,67,rhoncus,84
Nulla ac enim.,2007,Jolie Mardle,eu,84,augue,120,sed,129
Duis mattis egestas metus.,2008,Rafaelita Skokoe,odio,93,interdum,73,praesent,89
Nunc purus.,2003,Giacomo Courtier,consequat,12,volutpat,73,lacus,129
Integer tincidunt ante vel ipsum.,1999,Donetta Callington,donec,23,ligula,19,aliquam,10
Etiam vel augue.,2004,Roderick Poyner,pretium,29,adipiscing,89,tortor,129
Nunc purus.,2002,Tessi Anyon,felis,56,non,65,pede,129
Donec ut mauris eget massa tempor convallis.,2008,Pavel Pointing,ligula,76,vivamus,120,at,19
Nulla ac enim.,1987,Fay Salery,sit,56,vestibulum,53,est,90
Phasellus in felis.,1964,Weber Gravey,metus,42,aliquet,120,ut,80
Pellentesque viverra pede ac diam.,2008,Goldina Knowles,augue,12,nam,59,velit,89
"Maecenas tristique, est et tempus semper, est quam pharetra magna, ac consequat metus sapien ut nunc.",1993,Damian Waszkiewicz,et,93,sit,67,fusce,10
Etiam justo.,2000,Aleece Antwis,vestibulum,56,ut,67,mi,84
Ut tellus.,2007,Dody Guerreru,fermentum,23,proin,67,nullam,80
Curabitur convallis.,1998,Salomon Bulcock,id,42,proin,73,dictumst,18
Pellentesque ultrices mattis odio.,1993,Bonny Garroway,sapien,42,ante,53,orci,89
"Vivamus metus arcu, adipiscing molestie, hendrerit at, vulputate vitae, nisl.",1967,Robinetta Justham,condimentum,76,tincidunt,65,rutrum,19
Nulla tempus.,2001,Blithe Nudde,orci,98,non,59,lectus,10
Nunc purus.,1985,Regan Furniss,lectus,29,curae,73,donec,19
Curabitur gravida nisi at nibh.,2005,Bradley De Coursey,ultrices,84,dui,19,amet,18
Vivamus tortor.,2011,Lenka Mendel,in,93,pede,120,iaculis,18
Aliquam non mauris.,2002,Bernelle Trudgeon,cubilia,23,vulputate,67,vitae,19
Donec posuere metus vitae ipsum.,2001,Giulia Tolwood,nulla,12,parturient,120,adipiscing,90
Vestibulum sed magna at nunc commodo placerat.,2002,Grace Grindlay,in,29,praesent,67,erat,10
Morbi non quam nec dui luctus rutrum.,1998,Arni Lyddon,etiam,84,pellentesque,65,nisi,19
"Morbi vestibulum, velit id pretium iaculis, diam erat fermentum justo, nec condimentum neque sapien placerat ante.",1999,Arleen Prandin,eu,93,ullamcorper,73,ligula,80
Ut tellus.,1992,Ephraim Drayn,primis,56,a,89,libero,18
Nulla ut erat id mauris vulputate elementum.,1995,Sergei Purkiss,tincidunt,76,sem,73,eros,18
Vivamus tortor.,1992,Gherardo Heckney,nulla,93,vestibulum,65,risus,92
Suspendisse accumsan tortor quis turpis.,2009,Aila Buston,sit,84,sapien,59,amet,89
"Donec odio justo, sollicitudin ut, suscipit a, feugiat et, eros.",1996,Aveline Desesquelle,vitae,42,eu,73,porttitor,18
Aliquam erat volutpat.,2000,Marietta Childes,turpis,29,in,65,sed,80
Proin at turpis a pede posuere nonummy.,1995,Winn Albarez,vitae,23,sed,73,massa,89
Maecenas ut massa quis augue luctus tincidunt.,1991,Marty Jorgensen,consequat,12,congue,43,vel,92
Integer non velit.,1990,Fifine Trenouth,ridiculus,84,sollicitudin,73,consequat,19
Quisque id justo sit amet sapien dignissim vestibulum.,2011,Mechelle Kinsell,rhoncus,93,dis,67,lacus,89
"Donec diam neque, vestibulum eget, vulputate ut, ultrices vel, augue.",2007,Arden Dunhill,eleifend,42,eros,120,quam,18
Duis bibendum.,2011,Pooh Wellings,quisque,29,blandit,120,eget,74
Nullam sit amet turpis elementum ligula vehicula consequat.,1995,Sibyl Hunston,faucibus,53,malesuada,53,pede,89
Quisque id justo sit amet sapien dignissim vestibulum.,1984,Bourke McCalum,pellentesque,29,penatibus,67,vel,19
Nunc nisl.,2005,Saundra Davys,commodo,42,metus,67,vehicula,10
In blandit ultrices enim.,2002,Ami Swyer,vulputate,53,adipiscing,67,massa,18
Morbi vel lectus in quam fringilla rhoncus.,1977,Constancia Hastler,in,76,sapien,65,fermentum,10
Phasellus sit amet erat.,1996,Aldous Crossdale,in,84,vel,19,odio,10
In sagittis dui vel nisl.,2004,Mackenzie Bruckman,a,84,mauris,73,pede,92
Aliquam erat volutpat.,1991,Hunfredo Digan,primis,42,nec,120,cras,18
Pellentesque eget nunc.,2003,Shela Shillabeer,eu,93,bibendum,53,ultrices,89
Nulla suscipit ligula in lacus.,1996,Zolly Tufts,ut,56,luctus,67,suspendisse,84
Nulla tellus.,2011,Debra Terzi,scelerisque,53,leo,19,interdum,92
"Lorem ipsum dolor sit amet, consectetuer adipiscing elit.",1999,Marabel Cronchey,morbi,93,varius,59,gravida,18
Fusce posuere felis sed lacus.,1999,Cort Pay,odio,42,est,73,vel,84
"Vivamus metus arcu, adipiscing molestie, hendrerit at, vulputate vitae, nisl.",2009,Ammamaria MacKinnon,eget,93,nisl,59,cubilia,90
Phasellus in felis.,2006,Batholomew McGuinness,rutrum,29,faucibus,73,est,80
Integer ac leo.,2001,Anneliese Oldaker,nunc,84,congue,73,id,90
Etiam vel augue.,2006,Jenine Fleetwood,ac,98,tincidunt,19,turpis,92
"Mauris enim leo, rhoncus sed, vestibulum sit amet, cursus id, turpis.",1994,Kelley Swendell,eu,76,porttitor,53,massa,80
Nullam porttitor lacus at turpis.,2010,Ashli MacRitchie,felis,42,curae,19,magnis,18
Maecenas pulvinar lobortis est.,2006,Marlin Bleckly,semper,84,lacinia,19,mollis,10
"Morbi odio odio, elementum eu, interdum eu, tincidunt in, leo.",1998,Elsy Moulden,turpis,56,dolor,53,elementum,18
"Nullam orci pede, venenatis non, sodales sed, tincidunt eu, felis.",2006,Derry Mowatt,quam,23,hac,19,id,129
"Cum sociis natoque penatibus et magnis dis parturient montes, nascetur ridiculus mus.",1993,Tod Evill,congue,23,est,67,leo,18
"Vivamus metus arcu, adipiscing molestie, hendrerit at, vulputate vitae, nisl.",2005,Cathe Duxbury,at,76,et,53,lorem,89
"Integer pede justo, lacinia eget, tincidunt eget, tempus vel, pede.",1992,Amargo Paoletti,nisi,76,turpis,67,elementum,129
Pellentesque at nulla.,1997,Bonita Chaffey,ut,12,tristique,120,convallis,92
Integer ac neque.,2010,Aryn Cohane,tortor,53,volutpat,65,tempus,90
"Integer aliquet, massa id lobortis convallis, tortor risus dapibus augue, vel accumsan tellus nisi eu orci.",1994,Julie Ruprechter,luctus,84,nascetur,59,pellentesque,80
In congue.,2011,Aubry Vauter,nulla,23,dapibus,67,libero,80
Praesent lectus.,1993,Geraldine Sarfas,sit,84,morbi,65,porttitor,84
Duis ac nibh.,1994,Myrvyn Gwillym,mauris,76,ac,19,eget,89
"Nulla neque libero, convallis eget, eleifend luctus, ultricies eu, nibh.",1996,Inga Domico,ornare,76,eget,120,ac,74
Nulla tellus.,2005,Franciskus Fish,mi,53,nunc,120,vitae,90
Aliquam sit amet diam in magna bibendum imperdiet.,1993,Kaycee Lenox,platea,84,sapien,67,vel,84
"Nam congue, risus semper porta volutpat, quam pede lobortis ligula, sit amet eleifend pede libero quis orci.",2006,Merl Northrop,ultricies,84,est,43,felis,84
Proin eu mi.,2007,Balduin Grimmolby,nec,76,consectetuer,65,ultrices,129
Curabitur convallis.,1994,Dougie Siviter,libero,76,turpis,89,eleifend,89
Duis aliquam convallis nunc.,1991,Pat Mansford,dui,76,nibh,73,sed,19
Aenean lectus.,2011,Jereme Franscioni,luctus,76,nisl,89,rhoncus,10
Aenean fermentum.,2005,Saleem Feldmark,amet,76,vestibulum,43,lectus,90
Phasellus in felis.,1992,Camila Arnopp,nisi,84,interdum,43,at,18
"Proin leo odio, porttitor id, consequat in, consequat ut, nulla.",2007,Huberto Muffin,pede,42,ut,59,ut,129
Nullam sit amet turpis elementum ligula vehicula consequat.,1994,Graham Clubb,lobortis,23,odio,19,eu,10
Suspendisse ornare consequat lectus.,2013,Fern Care,duis,42,mattis,19,nibh,92
Integer non velit.,2006,Reinaldo Suttle,mus,84,elit,67,duis,19
Vestibulum ac est lacinia nisi venenatis tristique.,2005,Osmond Gilhoolie,pellentesque,93,nec,19,turpis,10
Cras in purus eu magna vulputate luctus.,2006,Morgun Lamonby,iaculis,56,nascetur,43,morbi,84
Donec dapibus.,2006,Ethel Flawn,quis,98,praesent,43,venenatis,92
Pellentesque at nulla.,2003,Keane Falvey,tellus,56,eget,67,dis,89
Curabitur convallis.,2005,Justis De Mattei,lorem,23,sapien,120,ligula,129
"Morbi sem mauris, laoreet ut, rhoncus aliquet, pulvinar sed, nisl.",2010,Madge Leyfield,pede,12,est,67,leo,92
Etiam vel augue.,2006,Marika Giffaut,hac,98,eget,53,sollicitudin,84
"Donec odio justo, sollicitudin ut, suscipit a, feugiat et, eros.",1995,Kerianne Bowsher,eget,76,congue,67,sit,10
"In tempor, turpis nec euismod scelerisque, quam turpis adipiscing lorem, vitae mattis nibh ligula nec sem.",2007,Danyelle Sotheby,ipsum,98,amet,67,ante,90
Sed accumsan felis.,2004,Trenton Milnthorpe,mauris,56,eget,67,pulvinar,129
Phasellus in felis.,1994,Stormy Dennant,dolor,56,mauris,43,sapien,89
"Morbi sem mauris, laoreet ut, rhoncus aliquet, pulvinar sed, nisl.",1983,Frederica Boyett,tempus,53,magna,73,vel,84
Cras non velit nec nisi vulputate nonummy.,1966,Clarisse Furlow,lacus,29,habitasse,43,tortor,74
Nam nulla.,1994,Bengt Leftley,quisque,76,et,89,posuere,10
Morbi vel lectus in quam fringilla rhoncus.,1994,Bryanty Jasiak,lacinia,56,sapien,53,donec,89
"Aliquam augue quam, sollicitudin vitae, consectetuer eget, rutrum at, lorem.",2009,Amargo Berresford,tellus,98,adipiscing,89,neque,92
Nulla ut erat id mauris vulputate elementum.,2007,Bryn Matteacci,odio,98,in,19,ante,129
Nullam molestie nibh in lectus.,1998,Axe Warlowe,sit,56,in,43,etiam,84
"Nullam orci pede, venenatis non, sodales sed, tincidunt eu, felis.",2006,Wren de Almeida,morbi,42,ac,73,pellentesque,74
"Donec odio justo, sollicitudin ut, suscipit a, feugiat et, eros.",1984,Carmencita Pinnock,in,29,sed,67,at,89
Cras non velit nec nisi vulputate nonummy.,1966,Albert Sympson,justo,84,praesent,19,volutpat,90
Donec quis orci eget orci vehicula condimentum.,2005,Rois Haddy,purus,53,lacinia,65,eget,92
Nulla ut erat id mauris vulputate elementum.,1996,Halette Varnham,id,53,urna,67,duis,10
"Maecenas tristique, est et tempus semper, est quam pharetra magna, ac consequat metus sapien ut nunc.",2001,Kendal Donnachie,at,76,ultrices,120,maecenas,18
In hac habitasse platea dictumst.,2001,Darcey Gilchrest,suspendisse,42,orci,67,montes,18
Duis consequat dui nec nisi volutpat eleifend.,1998,Valida Yoell,ac,29,morbi,89,primis,10
Maecenas ut massa quis augue luctus tincidunt.,2011,Priscilla Heskey,curabitur,84,donec,65,turpis,19
Nulla justo.,2009,Jonathon Swinley,vel,23,donec,59,vulputate,19
"Nam ultrices, libero non mattis pulvinar, nulla pede ullamcorper augue, a suscipit nulla elit ac nulla.",2002,Aviva Benbough,vestibulum,93,imperdiet,65,id,129
Mauris ullamcorper purus sit amet nulla.,1995,Kym Freer,nulla,93,justo,67,dapibus,90
Aenean lectus.,1995,Betsy Heddy,sodales,84,accumsan,65,dapibus,129
Nullam molestie nibh in lectus.,1996,Terencio Spaxman,venenatis,84,volutpat,59,varius,10
Aliquam quis turpis eget elit sodales scelerisque.,2006,Carmita Cinelli,duis,56,in,19,vel,18
Duis ac nibh.,1999,Ky Northcote,risus,76,habitasse,65,ultrices,10
"Integer pede justo, lacinia eget, tincidunt eget, tempus vel, pede.",1997,Cletus Guinery,molestie,12,vulputate,67,ut,10
Etiam pretium iaculis justo.,2004,Abel Bartolomieu,est,29,eu,59,neque,10
Nullam molestie nibh in lectus.,1999,Devonne Straniero,scelerisque,29,et,53,rutrum,19
Nam dui.,2011,Gian Gurner,convallis,84,in,120,a,74
Nullam sit amet turpis elementum ligula vehicula consequat.,1995,Derron Sowersby,praesent,42,nulla,67,in,92
Sed vel enim sit amet nunc viverra dapibus.,1995,Duane Chiplen,accumsan,56,nulla,120,sit,19
Morbi ut odio.,1988,Oriana Scarrott,etiam,84,duis,120,elementum,129
Nulla nisl.,1995,Elene Brundill,et,76,gravida,65,eu,129
Praesent id massa id nisl venenatis lacinia.,1995,Scott Rippon,ipsum,56,risus,73,pretium,129
Nullam molestie nibh in lectus.,2002,Jeff Bletsoe,erat,12,sed,59,lectus,89
Donec quis orci eget orci vehicula condimentum.,2012,Gweneth MacNeice,ligula,93,tincidunt,59,eu,84
"Cum sociis natoque penatibus et magnis dis parturient montes, nascetur ridiculus mus.",2004,Alfi Playfair,vestibulum,98,quisque,59,gravida,90
Pellentesque eget nunc.,2006,Maryjane Orbine,tempus,42,non,67,quis,10
"Cum sociis natoque penatibus et magnis dis parturient montes, nascetur ridiculus mus.",2004,Ericka Gready,nibh,29,dis,67,volutpat,10
"Duis bibendum, felis sed interdum venenatis, turpis enim blandit mi, in porttitor pede justo eu massa.",1995,Corri Bowshire,tristique,29,sollicitudin,89,amet,10
Maecenas tincidunt lacus at velit.,1996,Vivienne Beglin,praesent,29,placerat,67,eget,92
"Nulla neque libero, convallis eget, eleifend luctus, ultricies eu, nibh.",2004,Penn Toffler,metus,93,quam,59,vestibulum,80
Etiam pretium iaculis justo.,1988,Gaby Gantlett,blandit,93,venenatis,53,id,129
In quis justo.,1985,Quentin Yurov,nunc,84,sollicitudin,67,erat,92
Nam dui.,2003,Hattie Treanor,proin,23,aliquet,43,dapibus,89
Aenean auctor gravida sem.,2011,Tracee Djorevic,leo,56,proin,67,natoque,89
Curabitur gravida nisi at nibh.,2007,Christi McBeath,amet,56,dui,120,eleifend,129
Vivamus in felis eu sapien cursus vestibulum.,1998,Andy Gossipin,lacinia,56,pulvinar,73,orci,18
Nulla ac enim.,1989,Auberta Trodd,ipsum,42,nisi,43,arcu,129
"Maecenas leo odio, condimentum id, luctus nec, molestie sed, justo.",2008,Jillie Absolon,platea,98,dui,67,nisi,18
Phasellus sit amet erat.,1997,Delly Itzig,eget,29,tempus,65,pellentesque,19
Mauris lacinia sapien quis libero.,1993,Roch Scrooby,lorem,76,vestibulum,65,consequat,129
Donec posuere metus vitae ipsum.,1991,Clemens Stanway,sit,23,ut,19,orci,129
Aenean lectus.,2007,Elfie McKain,sociis,12,quam,53,eget,90
Sed sagittis.,2004,Trueman Attiwill,orci,29,mattis,43,elementum,89
Aliquam non mauris.,2001,Zaneta Badger,vel,76,tristique,89,sagittis,89
Nulla ut erat id mauris vulputate elementum.,2006,Cookie Bliven,turpis,23,amet,53,nulla,80
In blandit ultrices enim.,1989,Toby Zmitrichenko,nec,98,proin,53,neque,92
Sed ante.,2005,Aviva Rabjohns,volutpat,23,ante,67,erat,84
"Integer aliquet, massa id lobortis convallis, tortor risus dapibus augue, vel accumsan tellus nisi eu orci.",2010,Mahmoud Bittlestone,rutrum,93,eu,59,congue,89
Proin interdum mauris non ligula pellentesque ultrices.,2001,Aldon Bartalot,tempus,29,at,67,ipsum,74
Nunc rhoncus dui vel sem.,2004,Ashleigh Bowart,proin,56,erat,120,hac,10
Aenean lectus.,2011,Richmound Noulton,diam,53,cum,89,ultrices,84
Quisque porta volutpat erat.,1985,Cherey Millichip,donec,53,nonummy,19,neque,19
Maecenas ut massa quis augue luctus tincidunt.,2006,Gayleen Merveille,consequat,84,eu,59,leo,19
Aliquam quis turpis eget elit sodales scelerisque.,2003,Jenifer Peiser,lacus,76,placerat,67,amet,18
Cras in purus eu magna vulputate luctus.,2012,Marc Haslum,in,56,a,89,donec,18
Curabitur in libero ut massa volutpat convallis.,2007,Corry Beckley,quam,23,erat,19,id,10
"Morbi vestibulum, velit id pretium iaculis, diam erat fermentum justo, nec condimentum neque sapien placerat ante.",2011,Lyndell Furber,quisque,84,phasellus,43,vivamus,90
"Morbi vestibulum, velit id pretium iaculis, diam erat fermentum justo, nec condimentum neque sapien placerat ante.",1996,Illa Barnsley,amet,42,metus,43,diam,129
Mauris sit amet eros.,1997,Judon Lukianov,quis,98,justo,120,pulvinar,10
Nulla mollis molestie lorem.,2012,Andeee Courtonne,quis,53,lacus,65,mus,84
Aliquam quis turpis eget elit sodales scelerisque.,2005,Casper Wallworth,ut,93,molestie,65,dapibus,18
Pellentesque ultrices mattis odio.,1989,Natassia Foston,ultricies,56,curae,67,turpis,10
Mauris sit amet eros.,1994,Flore Sikorsky,congue,98,rhoncus,65,in,10
"Quisque arcu libero, rutrum ac, lobortis vel, dapibus at, diam.",2005,Lonnard Annetts,rutrum,12,pulvinar,89,libero,10
Fusce consequat.,2007,Carilyn Okroy,maecenas,42,pellentesque,73,cras,89
Pellentesque ultrices mattis odio.,2000,Riordan Shepherd,eget,93,luctus,19,duis,84
"Lorem ipsum dolor sit amet, consectetuer adipiscing elit.",2009,Dinny Medforth,sed,98,nulla,19,in,10
Suspendisse potenti.,2010,Robby Dennison,mattis,12,erat,53,sit,92
Aenean auctor gravida sem.,1991,Cort Knightsbridge,sed,98,morbi,53,augue,90
"Lorem ipsum dolor sit amet, consectetuer adipiscing elit.",1998,Gifford Bengefield,urna,12,nonummy,43,quis,10
"Fusce congue, diam id ornare imperdiet, sapien urna pretium nisl, ut volutpat sapien arcu sed augue.",2007,Farah Ollet,sit,29,amet,43,nibh,19
Aliquam sit amet diam in magna bibendum imperdiet.,2000,Archer Muirhead,id,56,aliquam,89,libero,89
Mauris sit amet eros.,1992,Wylie Edmonston,sed,84,ante,53,eleifend,80
Curabitur at ipsum ac tellus semper interdum.,2006,Victor Mudge,lobortis,93,turpis,73,nec,10
In hac habitasse platea dictumst.,2003,Quent Mitchel,libero,29,etiam,73,nulla,84
Nulla tempus.,2008,Lexy Wrightham,placerat,98,vel,73,maecenas,10
Aenean sit amet justo.,1986,Emiline Serjeantson,varius,29,elit,53,justo,10
Vestibulum rutrum rutrum neque.,1994,Berny Erridge,ipsum,93,donec,65,aliquet,80
Duis bibendum.,2006,Berna Garnson,eget,42,dui,67,turpis,18
Nulla justo.,2000,Shawna Taggett,est,23,consequat,67,odio,92
Nullam porttitor lacus at turpis.,2004,Allie Crunkhurn,elementum,56,mauris,89,pellentesque,10
"Lorem ipsum dolor sit amet, consectetuer adipiscing elit.",2010,Peggi Laxon,eu,93,suscipit,89,est,74
Morbi a ipsum.,2008,Even Castangia,convallis,12,diam,59,eget,90
Nulla mollis molestie lorem.,2004,Vic Pepperd,vel,53,morbi,53,duis,10
In hac habitasse platea dictumst.,2001,Adelaide Byram,sapien,42,in,73,ac,10
Morbi non quam nec dui luctus rutrum.,2009,Dickie Grinham,neque,53,sociis,89,pede,89
Duis mattis egestas metus.,1991,Pepito Kenchington,lobortis,56,at,67,est,84
Ut at dolor quis odio consequat varius.,1992,Valentina Hartzogs,fermentum,56,nec,19,rutrum,84
Integer ac leo.,1985,Diana Dickerline,nulla,93,vestibulum,67,sit,90
Sed accumsan felis.,1991,Sauncho De Ruel,lectus,93,erat,19,quam,90
"Quisque arcu libero, rutrum ac, lobortis vel, dapibus at, diam.",2012,Clary Gregs,sit,53,pede,120,in,18
Vestibulum sed magna at nunc commodo placerat.,1994,Farrand Garrood,est,98,faucibus,19,posuere,10
Nullam molestie nibh in lectus.,2011,Sydney Austwick,felis,12,dui,65,condimentum,74
Vestibulum ante ipsum primis in faucibus orci luctus et ultrices posuere cubilia Curae; Nulla dapibus dolor vel est.,1984,Jerrie Young,non,56,imperdiet,120,odio,92
Donec dapibus.,1996,Brewster Quigg,laoreet,93,mi,53,nisl,84
Nunc rhoncus dui vel sem.,2011,Harvey Eastbrook,in,98,pede,53,condimentum,10
Aenean fermentum.,2005,Bryanty John,vestibulum,42,et,67,suspendisse,19
"Vivamus metus arcu, adipiscing molestie, hendrerit at, vulputate vitae, nisl.",1999,Onofredo Heal,sed,76,duis,67,pellentesque,129
In sagittis dui vel nisl.,2003,Cortney Ebbing,sapien,12,nulla,43,ante,84
Integer ac neque.,1992,Giorgio Martonfi,facilisi,42,sapien,89,amet,10
Vivamus vestibulum sagittis sapien.,1996,Clayson Ivanenko,est,56,lectus,120,duis,10
Suspendisse potenti.,1994,Fredric Gallaher,mauris,53,lobortis,19,lorem,92
"Lorem ipsum dolor sit amet, consectetuer adipiscing elit.",2012,Garrik Skeemor,quam,76,adipiscing,67,sed,92
Curabitur gravida nisi at nibh.,1994,Felipa Pedrazzi,at,93,turpis,67,nulla,84
Nulla suscipit ligula in lacus.,2000,Dallis Tomini,dui,29,ultrices,59,ut,10
Pellentesque at nulla.,1998,Serene Duckerin,consectetuer,23,vivamus,19,gravida,80
In blandit ultrices enim.,1993,Dean Lockhead,aliquam,93,lobortis,120,in,80
"Integer aliquet, massa id lobortis convallis, tortor risus dapibus augue, vel accumsan tellus nisi eu orci.",1997,Rafi Tureville,augue,42,pharetra,19,eget,90
Nulla suscipit ligula in lacus.,1991,Wenda Borborough,duis,98,posuere,65,in,84
In congue.,2000,Fiorenze Bockin,etiam,56,suspendisse,59,ante,84
Proin interdum mauris non ligula pellentesque ultrices.,1997,Bendicty Teaze,quam,42,ante,73,justo,84
Sed sagittis.,2006,Angela Hewson,quis,84,consectetuer,43,consequat,74
"Maecenas tristique, est et tempus semper, est quam pharetra magna, ac consequat metus sapien ut nunc.",2006,Vick Gauch,ridiculus,98,aliquam,65,quam,84
Maecenas tincidunt lacus at velit.,1995,Deonne Androsik,mi,93,congue,43,lacinia,92
Vestibulum ac est lacinia nisi venenatis tristique.,2009,Ellswerth Mumbeson,pellentesque,98,in,73,proin,92
Duis consequat dui nec nisi volutpat eleifend.,1991,Buddie Delve,donec,12,posuere,59,leo,19
Integer ac neque.,1995,Ainslie Bibey,at,42,in,43,pharetra,84
"Quisque erat eros, viverra eget, congue eget, semper rutrum, nulla.",2004,Fran Radnage,quam,56,eu,19,vivamus,10
Pellentesque at nulla.,1993,Thorsten Staning,in,42,donec,73,tempor,10
In hac habitasse platea dictumst.,1998,Winne Strond,non,84,ipsum,73,convallis,129
Duis bibendum.,2004,Luigi Luthwood,nam,23,pede,43,vestibulum,18
Aliquam erat volutpat.,2005,Morgan Dunlop,maecenas,56,id,89,nulla,74
Morbi non lectus.,2012,Dimitry Yashnov,pede,84,elementum,53,felis,90
Duis consequat dui nec nisi volutpat eleifend.,2007,Rochella Defty,aliquam,76,at,73,turpis,84
Morbi non lectus.,2006,Georgie Kennelly,tincidunt,29,phasellus,89,mollis,92
Integer a nibh.,1997,Jennifer Downey,eros,56,nec,43,ultrices,10
"In tempor, turpis nec euismod scelerisque, quam turpis adipiscing lorem, vitae mattis nibh ligula nec sem.",1999,Angelia Jewis,diam,93,sodales,43,erat,129
Sed accumsan felis.,2002,Robinet Accum,nulla,76,sapien,73,at,92
Sed accumsan felis.,2010,Richie Le Grice,diam,84,potenti,120,natoque,80
Vivamus in felis eu sapien cursus vestibulum.,2012,Arlinda Oakenfall,luctus,53,id,65,ultrices,19
Quisque id justo sit amet sapien dignissim vestibulum.,2007,Royall Karlsen,feugiat,76,sapien,67,non,129
"Lorem ipsum dolor sit amet, consectetuer adipiscing elit.",1995,Lurline Pocock,et,12,et,59,pretium,129
"Morbi sem mauris, laoreet ut, rhoncus aliquet, pulvinar sed, nisl.",2012,Amelia Oakeshott,nunc,98,ultrices,59,consectetuer,74
In quis justo.,1998,Katy Battleson,id,42,platea,120,penatibus,84
Maecenas ut massa quis augue luctus tincidunt.,2002,Leeanne Labon,erat,76,venenatis,43,adipiscing,74
Mauris lacinia sapien quis libero.,1995,Robinet Ranson,morbi,56,rhoncus,73,duis,10
"Proin leo odio, porttitor id, consequat in, consequat ut, nulla.",2012,Linc Shorten,orci,53,ipsum,59,mauris,129
Duis consequat dui nec nisi volutpat eleifend.,1994,Frederich Severy,ut,56,semper,67,primis,18
Quisque id justo sit amet sapien dignissim vestibulum.,2003,Orelie Bewlay,eget,23,tincidunt,65,pede,80
Donec posuere metus vitae ipsum.,1995,Cash Dood,elementum,53,curae,120,sit,18
Nulla tellus.,2011,Sascha Nichols,eget,84,vivamus,73,luctus,129
Morbi non lectus.,1990,Hubie Gookey,habitasse,93,condimentum,59,nec,90
"Cum sociis natoque penatibus et magnis dis parturient montes, nascetur ridiculus mus.",2009,Jacob Skipton,ac,76,id,73,arcu,129
Vivamus tortor.,2013,Goddart Ledamun,lacus,93,pellentesque,19,congue,84
Ut at dolor quis odio consequat varius.,2009,Marlie Fines,natoque,12,erat,43,lorem,80
"Cum sociis natoque penatibus et magnis dis parturient montes, nascetur ridiculus mus.",1992,Erl Pavlishchev,in,12,luctus,53,luctus,10
Vestibulum ante ipsum primis in faucibus orci luctus et ultrices posuere cubilia Curae; Nulla dapibus dolor vel est.,1995,Guenevere Hazeldine,aliquam,23,nulla,53,diam,92
"Maecenas leo odio, condimentum id, luctus nec, molestie sed, justo.",2006,Mathe Davisson,et,42,amet,89,nulla,129
Nunc purus.,1988,Richart Cluley,interdum,84,proin,73,mauris,84
Ut tellus.,2001,Loria Huard,imperdiet,29,eget,43,proin,18
Ut tellus.,1992,Orran Farland,ultrices,76,sit,67,non,129
"Vestibulum quam sapien, varius ut, blandit non, interdum in, ante.",2011,Osborn Knappett,ac,93,convallis,65,id,10
Curabitur at ipsum ac tellus semper interdum.,2004,Bertie Northway,blandit,42,nullam,67,in,10
Integer ac leo.,2011,Cacilia Sheahan,ornare,29,euismod,89,nulla,10
Maecenas tincidunt lacus at velit.,2007,Brion Snoxell,tristique,29,congue,73,nisi,129
Integer tincidunt ante vel ipsum.,2011,Dru Ference,sit,98,nulla,120,in,129
"Fusce congue, diam id ornare imperdiet, sapien urna pretium nisl, ut volutpat sapien arcu sed augue.",2011,Missie Kellogg,nascetur,23,massa,65,lectus,129
Nam tristique tortor eu pede.,2005,Adrianne Merle,sit,76,tristique,73,eu,80
Morbi ut odio.,2003,Amabel Ivanonko,convallis,12,elementum,59,venenatis,10
Quisque ut erat.,2010,Beryl Elsie,lorem,29,nascetur,73,purus,129
Duis aliquam convallis nunc.,1998,Marris Malham,porttitor,12,in,43,sociis,92
Donec vitae nisi.,2010,Caralie MacMenamie,integer,12,dui,120,diam,10
Nullam sit amet turpis elementum ligula vehicula consequat.,2008,Porty Van den Hof,nulla,29,sapien,67,dui,19
Morbi quis tortor id nulla ultrices aliquet.,1995,Ginevra Keson,bibendum,93,lacus,89,luctus,18
Phasellus id sapien in sapien iaculis congue.,1986,Renell Race,a,42,commodo,67,morbi,10
Nulla ac enim.,2010,Pearla Cawse,vestibulum,84,rutrum,59,platea,92
Nullam molestie nibh in lectus.,2007,Deanne Galletley,aliquam,53,proin,73,sit,84
Nulla tellus.,2003,Phillipe More,lectus,29,purus,120,felis,84
Pellentesque eget nunc.,2011,Luise Aronow,sit,42,eu,19,urna,90
"Cum sociis natoque penatibus et magnis dis parturient montes, nascetur ridiculus mus.",1992,Danell Mcwhinnie,luctus,98,ut,120,elementum,10
Cras pellentesque volutpat dui.,2000,Drucy Chateau,vulputate,93,pede,43,ut,92
In blandit ultrices enim.,2011,Durand Velez,sodales,56,varius,67,venenatis,19
In eleifend quam a odio.,1967,Jule Clink,nisi,98,a,65,ipsum,90
"In tempor, turpis nec euismod scelerisque, quam turpis adipiscing lorem, vitae mattis nibh ligula nec sem.",1984,Pembroke Scotting,erat,93,mauris,67,accumsan,84
Curabitur gravida nisi at nibh.,1992,Corabella Coulbeck,interdum,53,natoque,67,in,84
Integer tincidunt ante vel ipsum.,1993,Veronica Thrussell,at,98,vel,67,id,90
Quisque porta volutpat erat.,2003,Kareem Sheardown,in,29,tincidunt,73,metus,80
Donec ut mauris eget massa tempor convallis.,2007,Constantine Bendle,viverra,76,venenatis,67,mi,92
Duis mattis egestas metus.,1997,Kristoforo Matuszyk,mauris,23,tincidunt,65,consequat,89
Fusce posuere felis sed lacus.,2006,Abelard Danilin,fermentum,56,amet,120,non,74
Phasellus id sapien in sapien iaculis congue.,2008,Ellswerth Gerauld,enim,29,erat,43,sapien,10
Curabitur in libero ut massa volutpat convallis.,2005,Rosalinde McLeoid,sapien,23,posuere,19,pellentesque,10
In hac habitasse platea dictumst.,1992,Udale Percy,in,42,nulla,67,adipiscing,89
"Quisque erat eros, viverra eget, congue eget, semper rutrum, nulla.",1988,Ken Firpi,eget,23,vulputate,53,semper,74
Maecenas ut massa quis augue luctus tincidunt.,1986,Amandy McGee,tortor,12,integer,43,sit,92
"Aliquam augue quam, sollicitudin vitae, consectetuer eget, rutrum at, lorem.",2011,Thornton Denkin,ipsum,56,nulla,120,consequat,129
Curabitur in libero ut massa volutpat convallis.,2009,Stephana Crowthe,phasellus,23,in,59,purus,84
Praesent lectus.,1993,Madelon Adriaens,lacus,93,ante,53,eros,84
Curabitur in libero ut massa volutpat convallis.,2011,Kirby Atter,aliquet,93,libero,89,integer,129
Sed ante.,1972,Verine Roundtree,amet,29,curae,73,nisi,19
Sed sagittis.,1992,Mavra Grady,sit,29,ultrices,53,elit,74
"Vestibulum ante ipsum primis in faucibus orci luctus et ultrices posuere cubilia Curae; Donec pharetra, magna vestibulum aliquet ultrices, erat tortor sollicitudin mi, sit amet lobortis sapien sapien non mi.",2011,Hilary Hyde,est,98,purus,73,congue,10
Nulla ac enim.,1972,Susana Cabell,elementum,98,non,89,auctor,18
Ut tellus.,1988,Violet Fley,justo,56,est,19,id,90
"Quisque arcu libero, rutrum ac, lobortis vel, dapibus at, diam.",2000,Jorie Matelyunas,pede,56,turpis,43,volutpat,92
Cras pellentesque volutpat dui.,1984,Murdock Etty,donec,56,nibh,67,enim,10
Nam nulla.,1985,Constantia Disney,ac,12,convallis,19,praesent,84
Morbi ut odio.,2007,Bat McParlin,diam,12,gravida,19,sit,18
"Duis bibendum, felis sed interdum venenatis, turpis enim blandit mi, in porttitor pede justo eu massa.",2005,Kingston Adderley,amet,98,cras,53,tortor,129
In congue.,1999,Rikki Ragbourn,quam,29,sapien,65,lobortis,19
Duis bibendum.,2010,Fredi Line,vestibulum,76,tellus,73,orci,92
Etiam faucibus cursus urna.,1988,Emmy Matisse,et,56,ut,89,luctus,18
Nulla mollis molestie lorem.,2012,Codie MacGeffen,magna,98,eu,59,amet,90
Nulla tellus.,2009,Ferdinande Blackledge,amet,56,nisi,89,pellentesque,90
Fusce consequat.,2008,Ulrikaumeko Huncote,felis,56,turpis,89,vel,92
Vestibulum ante ipsum primis in faucibus orci luctus et ultrices posuere cubilia Curae; Mauris viverra diam vitae quam.,2002,Noble Staning,molestie,84,vulputate,67,donec,74
Proin interdum mauris non ligula pellentesque ultrices.,2010,Riane Kynge,sed,56,eros,120,elit,92
Phasellus sit amet erat.,1976,Feliza Fodden,risus,98,eget,89,donec,89
Vestibulum rutrum rutrum neque.,1995,Kalil Johnsson,mus,76,hac,73,aenean,84
"Duis bibendum, felis sed interdum venenatis, turpis enim blandit mi, in porttitor pede justo eu massa.",1993,Margi Gilbride,tortor,12,consectetuer,67,sed,84
Pellentesque at nulla.,1998,Hermie Krauss,leo,42,iaculis,67,sapien,10
Mauris lacinia sapien quis libero.,2007,Mariska Maliphant,libero,56,dolor,43,purus,80
Nulla facilisi.,1968,Latashia Althrope,erat,42,a,89,leo,19
Praesent blandit.,2011,Kendal Pipe,et,23,et,67,felis,84
Morbi a ipsum.,1998,Saul Simchenko,in,84,tincidunt,89,varius,10
Pellentesque viverra pede ac diam.,1997,Yulma Beatey,ligula,42,dui,53,nibh,84
In quis justo.,2006,Robbin Duffyn,phasellus,84,odio,89,consequat,74
Nulla tempus.,2010,Hobey Elcomb,in,29,sapien,120,aliquet,10
"Fusce congue, diam id ornare imperdiet, sapien urna pretium nisl, ut volutpat sapien arcu sed augue.",1984,Rana Dod,eget,76,morbi,89,luctus,80
Nulla ac enim.,2013,Zechariah Kaley,bibendum,93,ipsum,65,vestibulum,84
Nunc rhoncus dui vel sem.,1985,Lebbie Blacklock,aenean,29,elementum,67,nisl,18
Cras in purus eu magna vulputate luctus.,2002,Cathyleen Kellough,tincidunt,12,ut,89,donec,80
"Quisque arcu libero, rutrum ac, lobortis vel, dapibus at, diam.",2012,Winfred Trowel,ultrices,53,odio,89,in,19
Sed sagittis.,2006,Calli Glazer,convallis,56,arcu,43,natoque,89
"Duis bibendum, felis sed interdum venenatis, turpis enim blandit mi, in porttitor pede justo eu massa.",2004,Jamima Shorrock,rhoncus,53,quis,67,mauris,92
"In tempor, turpis nec euismod scelerisque, quam turpis adipiscing lorem, vitae mattis nibh ligula nec sem.",1999,Birgit Harman,eu,53,ante,120,nibh,89
Suspendisse potenti.,1995,Niels Thornton,lacinia,84,velit,67,feugiat,129
Aenean lectus.,1993,Letisha Crossan,cursus,56,duis,67,vulputate,10
In hac habitasse platea dictumst.,2009,Dare Eldritt,magnis,56,justo,67,rutrum,10
Etiam vel augue.,1995,Adorne Masurel,elit,93,auctor,59,aenean,84
"Vestibulum quam sapien, varius ut, blandit non, interdum in, ante.",2008,Richardo McGragh,posuere,53,justo,65,sapien,74
Nam nulla.,2006,Jaye Wimpey,in,56,tincidunt,67,vulputate,129
Suspendisse potenti.,2006,Garret Drinkeld,ut,12,ac,65,interdum,92
In hac habitasse platea dictumst.,2004,Cleopatra Quarless,id,98,ligula,65,id,19
"Aliquam augue quam, sollicitudin vitae, consectetuer eget, rutrum at, lorem.",2005,Creigh McIlvenna,diam,42,morbi,89,consequat,19
Integer ac leo.,2007,Antonia Verbeek,tempus,12,felis,73,orci,74
Cras in purus eu magna vulputate luctus.,2000,Gherardo Pamment,amet,42,vel,73,lobortis,92
Cras in purus eu magna vulputate luctus.,1998,Fletch Jacobowits,platea,23,etiam,73,nulla,19
Integer non velit.,2003,Mirelle Peterken,donec,56,ipsum,43,condimentum,90
Vestibulum rutrum rutrum neque.,2002,Wade Rizzone,sed,12,vestibulum,120,mauris,92
"Quisque arcu libero, rutrum ac, lobortis vel, dapibus at, diam.",2009,Coreen Shore,donec,84,at,53,est,129
"In est risus, auctor sed, tristique in, tempus sit amet, sem.",1995,Evangelia Irnys,quam,53,convallis,67,eu,74
Mauris ullamcorper purus sit amet nulla.,1996,Peter Goodwin,mi,56,tempus,120,elit,10
"Nam ultrices, libero non mattis pulvinar, nulla pede ullamcorper augue, a suscipit nulla elit ac nulla.",2012,Minetta Onians,nulla,12,nulla,89,nisl,74
"Donec odio justo, sollicitudin ut, suscipit a, feugiat et, eros.",1992,Judah Dishman,dolor,53,lectus,89,ante,89
"Proin leo odio, porttitor id, consequat in, consequat ut, nulla.",1998,Janis Chiechio,ut,93,arcu,67,praesent,89
"Mauris enim leo, rhoncus sed, vestibulum sit amet, cursus id, turpis.",2006,Jervis Saintsbury,dapibus,12,dictumst,73,libero,80
Nullam molestie nibh in lectus.,1993,Netty Shatliffe,quam,53,eu,53,iaculis,92
Maecenas pulvinar lobortis est.,2011,Cloe Ayshford,magna,56,maecenas,43,fusce,84
"Nulla neque libero, convallis eget, eleifend luctus, ultricies eu, nibh.",1994,Eal Swinden,quam,29,felis,73,consequat,10
Etiam justo.,1997,Jourdain Pagin,ligula,84,non,67,nibh,80
"Vestibulum quam sapien, varius ut, blandit non, interdum in, ante.",1996,Terry Franzke,magnis,84,ornare,73,blandit,10
Quisque porta volutpat erat.,2005,Tate Solman,lectus,29,pede,67,ut,80
Duis consequat dui nec nisi volutpat eleifend.,1995,Kristine Snartt,fringilla,12,ac,43,primis,80
Donec posuere metus vitae ipsum.,2009,Kessia Conibear,faucibus,42,pretium,89,sit,10
Praesent lectus.,2000,Christye Mertel,elementum,53,etiam,19,etiam,19
"Lorem ipsum dolor sit amet, consectetuer adipiscing elit.",1999,Rolfe Basindale,a,29,at,43,vitae,92
Nunc purus.,2010,Drucy Beckitt,sed,53,nonummy,65,nullam,80
Vestibulum ante ipsum primis in faucibus orci luctus et ultrices posuere cubilia Curae; Mauris viverra diam vitae quam.,2009,Wilburt Larmuth,vehicula,53,morbi,120,adipiscing,74
Morbi non lectus.,2003,Rex Nono,pulvinar,56,imperdiet,43,pulvinar,90
Donec posuere metus vitae ipsum.,2000,Lizette Brazil,sollicitudin,93,hac,19,ac,129
Nulla facilisi.,1979,Teodoro Ecclesall,massa,23,lacus,43,ac,89
Duis at velit eu est congue elementum.,2009,Billie Walden,nulla,76,in,120,sagittis,18
Sed accumsan felis.,1989,Way Mordacai,massa,93,interdum,53,cursus,10
Suspendisse potenti.,2008,Kellina Pentland,orci,42,odio,73,luctus,129
Suspendisse potenti.,2006,Tommy Jozefowicz,lectus,42,ultrices,120,nibh,92
Mauris ullamcorper purus sit amet nulla.,2008,Hodge Findon,maecenas,53,congue,67,nullam,89
Phasellus sit amet erat.,2005,Osbourne Yakunin,pellentesque,76,nec,53,cras,89
Aenean auctor gravida sem.,1994,Dyna Chastand,lorem,29,sed,120,platea,10
In quis justo.,1985,Hersch Stopforth,id,12,pulvinar,67,vitae,10
Nulla mollis molestie lorem.,2002,Munmro Rhodes,ac,98,mauris,43,quis,10
Etiam pretium iaculis justo.,1995,Vale Eaton,non,53,justo,73,dictumst,84
"In tempor, turpis nec euismod scelerisque, quam turpis adipiscing lorem, vitae mattis nibh ligula nec sem.",2009,Rollin Center,lorem,93,habitasse,59,ullamcorper,74
Nunc rhoncus dui vel sem.,2004,Hanson Boorer,etiam,53,suspendisse,43,nam,129
In hac habitasse platea dictumst.,2007,Vi Trowel,aliquam,84,lacus,73,adipiscing,89
Aenean fermentum.,1986,Ulrika Dash,ac,56,maecenas,67,tincidunt,80
Aliquam erat volutpat.,2007,Deidre Faulkes,cubilia,23,blandit,67,at,129
Duis aliquam convallis nunc.,1986,Damita Bamfield,duis,84,nibh,120,at,89
Donec quis orci eget orci vehicula condimentum.,2006,Janot Kinig,erat,29,convallis,65,dolor,89
"Cras mi pede, malesuada in, imperdiet et, commodo vulputate, justo.",2009,Mada Rabbage,donec,84,nulla,73,justo,74
Nulla tempus.,2005,Kareem Whisson,nibh,84,nibh,120,et,84
"In tempor, turpis nec euismod scelerisque, quam turpis adipiscing lorem, vitae mattis nibh ligula nec sem.",2009,Camellia Laycock,ridiculus,29,velit,59,mattis,80
Cras non velit nec nisi vulputate nonummy.,2003,Odilia Verrills,morbi,12,a,19,orci,10
Ut at dolor quis odio consequat varius.,2002,Richmond Brassill,eu,93,cras,59,dolor,89
Sed sagittis.,1998,Renate Stares,dolor,76,viverra,65,mattis,80
Praesent blandit lacinia erat.,1986,Alisun Benford,praesent,84,habitasse,19,erat,89
Aliquam erat volutpat.,2010,Donetta Schimoni,ipsum,53,nisl,59,sem,92
Proin at turpis a pede posuere nonummy.,2000,Brok Gotch,nam,93,sapien,67,donec,10
Donec posuere metus vitae ipsum.,1992,Tim Le Sarr,nam,29,nulla,120,amet,90
Curabitur convallis.,2013,Orran Ciobutaru,sociis,12,convallis,19,donec,10
Donec semper sapien a libero.,1995,Winni Jahns,quam,98,sit,59,pretium,10
Donec quis orci eget orci vehicula condimentum.,2012,Joanna Jouning,non,53,in,120,commodo,74
Curabitur convallis.,1999,Suellen Gouge,quam,42,libero,67,gravida,90
Nunc nisl.,2011,Marietta Lidgett,orci,12,quam,73,ac,80
Duis at velit eu est congue elementum.,2012,Townsend Utteridge,elit,76,porttitor,67,id,89
"Donec odio justo, sollicitudin ut, suscipit a, feugiat et, eros.",2009,Roxi Tichner,diam,93,amet,65,ut,90
Vivamus vestibulum sagittis sapien.,1999,Hattie Pratten,mauris,93,tempus,73,duis,80
Cras in purus eu magna vulputate luctus.,2002,Clerc Dufaur,turpis,29,sed,53,cras,19
Vivamus tortor.,2006,Reeta Penticost,porttitor,98,leo,19,lorem,92
"Maecenas tristique, est et tempus semper, est quam pharetra magna, ac consequat metus sapien ut nunc.",1996,Cherry Sutterby,faucibus,98,porta,120,nulla,92
"Donec odio justo, sollicitudin ut, suscipit a, feugiat et, eros.",1995,Katharine Ivermee,porttitor,23,justo,73,sapien,89
Pellentesque eget nunc.,1998,Horton Arkell,semper,76,vestibulum,67,integer,90
Etiam faucibus cursus urna.,2001,Mathias Cawthery,sed,93,ante,67,luctus,18
Suspendisse potenti.,2011,Peta Capper,ultrices,23,id,89,mauris,80
"Quisque arcu libero, rutrum ac, lobortis vel, dapibus at, diam.",2010,Charmion Beadell,quam,84,felis,73,sollicitudin,84
Nulla suscipit ligula in lacus.,1990,Ekaterina Fattore,vestibulum,56,a,43,convallis,90
Maecenas tincidunt lacus at velit.,1999,Maureene Twinbourne,rutrum,29,vestibulum,67,id,18
Nulla mollis molestie lorem.,2005,Carleton Earnshaw,proin,93,lobortis,73,magna,74
Nam nulla.,2010,Roselle Samsworth,massa,12,iaculis,67,a,90
Proin at turpis a pede posuere nonummy.,2012,Brigham Danko,primis,23,diam,89,quis,10
Phasellus in felis.,1995,Nev Shimmings,metus,53,eu,120,rhoncus,19
Maecenas ut massa quis augue luctus tincidunt.,2002,Pembroke Piercey,a,84,id,120,suscipit,19
Nulla facilisi.,2008,Heinrick Kiraly,porttitor,12,turpis,53,quisque,90
Pellentesque eget nunc.,2001,Peadar Coleshill,pede,93,phasellus,67,vestibulum,84
Integer ac leo.,1998,Melisenda Anstead,dictumst,53,sit,43,massa,74
Proin eu mi.,1987,Cameron Andriveaux,at,98,ultrices,67,parturient,129
Pellentesque viverra pede ac diam.,2005,La verne Balshaw,ante,56,nibh,67,pulvinar,74
Aliquam quis turpis eget elit sodales scelerisque.,2004,Herby Tizzard,non,84,mattis,73,eleifend,129
Donec ut mauris eget massa tempor convallis.,2008,Lemmie Baudins,dictumst,56,tristique,73,sed,90
Proin risus.,1969,Lemar Benning,ac,42,quam,19,ultrices,129
Proin risus.,2006,Fletcher Johncey,elit,56,neque,67,nec,84
"Vestibulum quam sapien, varius ut, blandit non, interdum in, ante.",2005,Sue Gosneye,sed,93,nisi,67,et,129
Aliquam sit amet diam in magna bibendum imperdiet.,1994,Chelsie Armes,suspendisse,84,sem,89,ultrices,80
"Fusce lacus purus, aliquet at, feugiat non, pretium quis, lectus.",2003,Elke Larsen,in,56,in,59,elementum,74
Sed sagittis.,2004,Bronny Kobiela,ut,98,nam,53,volutpat,19
Pellentesque ultrices mattis odio.,2010,Waylin O'Dee,sagittis,12,eget,53,nibh,92
Integer tincidunt ante vel ipsum.,1993,Hailee Bodicum,vehicula,56,augue,67,penatibus,89
Aenean auctor gravida sem.,2003,Freddie Sima,proin,98,morbi,67,risus,10
Nam dui.,1992,Nickolas Begin,et,23,dolor,67,sociis,18
Integer ac leo.,2008,Kania Chinnock,odio,29,augue,65,mattis,19
Nam nulla.,1995,Mead Plessing,vivamus,76,eget,120,elementum,74
Aliquam sit amet diam in magna bibendum imperdiet.,2005,Boot McGillicuddy,eleifend,12,ultrices,53,ultrices,89
Aenean auctor gravida sem.,2004,Isa Shorthill,non,98,sapien,73,fringilla,74
Nunc nisl.,2008,Alaine Jewel,sapien,42,cursus,53,non,84
Duis consequat dui nec nisi volutpat eleifend.,2003,Virgilio Silcock,non,56,luctus,73,eleifend,84
In eleifend quam a odio.,1990,Gaye Monnery,eget,98,primis,73,primis,19
Curabitur in libero ut massa volutpat convallis.,1999,Charin Reedie,erat,29,pharetra,59,sapien,80
Proin at turpis a pede posuere nonummy.,1993,Devy Skeel,in,53,velit,59,eget,90
Mauris ullamcorper purus sit amet nulla.,2008,Ardisj Spires,tincidunt,42,libero,19,semper,90
Morbi a ipsum.,2004,Evangelia Royan,morbi,84,mattis,53,ipsum,19
Fusce consequat.,1980,Helga Lethlay,ut,76,dapibus,43,ut,84
Pellentesque viverra pede ac diam.,2005,Daryle Gouinlock,eros,23,potenti,89,est,90
"Cum sociis natoque penatibus et magnis dis parturient montes, nascetur ridiculus mus.",2010,Ted Heditch,et,42,ornare,67,nulla,10
Mauris sit amet eros.,1991,Harland Thomerson,blandit,84,viverra,67,augue,84
Pellentesque eget nunc.,2009,Theodosia O'Doherty,tristique,84,tempus,65,dui,10
Suspendisse potenti.,2012,Camila Ummfrey,nulla,98,augue,67,non,19
Integer tincidunt ante vel ipsum.,1997,Odelia Scullion,semper,42,orci,73,at,74
Duis aliquam convallis nunc.,2007,Bentley Laidlow,odio,29,placerat,65,nec,10
"Maecenas tristique, est et tempus semper, est quam pharetra magna, ac consequat metus sapien ut nunc.",2008,Konstantine Hankins,in,12,nascetur,59,porttitor,80
Cras non velit nec nisi vulputate nonummy.,1992,Lorena Drewett,eleifend,53,diam,73,mattis,84
Maecenas tincidunt lacus at velit.,2005,Granger Brumham,nam,76,diam,59,volutpat,74
In hac habitasse platea dictumst.,2008,Nelson Eastmead,pede,93,sed,65,nisl,84
In congue.,1999,Farlay Haye,nibh,23,libero,67,proin,89
Integer non velit.,2007,Kyrstin Sicely,in,98,vestibulum,89,libero,19
Duis mattis egestas metus.,1992,Nickolas Mealham,eu,76,accumsan,65,volutpat,80
Etiam faucibus cursus urna.,2002,Gena Niesel,justo,12,nisi,19,eu,18
Cras in purus eu magna vulputate luctus.,1992,Josie Tait,tellus,53,non,53,interdum,129
"Vestibulum quam sapien, varius ut, blandit non, interdum in, ante.",2000,Bobbee Wyper,curae,29,eu,65,non,129
Integer a nibh.,2011,Ophelia Dockrill,sed,56,nisl,59,sapien,89
"Morbi odio odio, elementum eu, interdum eu, tincidunt in, leo.",1996,Georgette Virr,odio,53,sit,89,platea,84
Ut tellus.,1985,Talya Awdry,turpis,76,mattis,67,posuere,89
Donec quis orci eget orci vehicula condimentum.,1998,Sebastiano Quantrill,est,56,ac,120,ut,90
Proin at turpis a pede posuere nonummy.,2007,Jens Yvens,porta,53,justo,53,lobortis,19
Maecenas ut massa quis augue luctus tincidunt.,2003,Lanny Zapatero,id,29,pretium,19,tortor,18
Quisque id justo sit amet sapien dignissim vestibulum.,1998,Juli Rattenbury,sapien,56,elementum,59,enim,10
"Proin leo odio, porttitor id, consequat in, consequat ut, nulla.",1965,Brandais Bento,penatibus,12,rhoncus,65,metus,92
In eleifend quam a odio.,2002,Alfy Gouldstone,cras,12,vulputate,65,eu,129
Vivamus vel nulla eget eros elementum pellentesque.,1985,Frederigo Tootal,magna,76,diam,120,fringilla,10
"Nam ultrices, libero non mattis pulvinar, nulla pede ullamcorper augue, a suscipit nulla elit ac nulla.",1989,Tani Try,in,84,nulla,65,id,90
"Nullam orci pede, venenatis non, sodales sed, tincidunt eu, felis.",2012,Debee Rouff,mauris,53,hac,43,est,90
Aenean auctor gravida sem.,1957,Terri Pilgrim,a,53,nam,59,viverra,10
"Duis bibendum, felis sed interdum venenatis, turpis enim blandit mi, in porttitor pede justo eu massa.",1987,Fitz Leith,nunc,98,sed,65,blandit,129
Ut at dolor quis odio consequat varius.,2011,Lynsey Rodenburgh,sapien,29,vestibulum,89,orci,10
Sed sagittis.,2000,Dreddy Kyllford,justo,12,sapien,73,sapien,92
Nulla mollis molestie lorem.,1994,Siusan Ivachyov,odio,53,felis,120,mattis,129
In eleifend quam a odio.,1997,Ludovico Kitchingham,nisl,42,elit,59,neque,10
Morbi quis tortor id nulla ultrices aliquet.,1994,Berrie Greenwell,interdum,98,in,120,vitae,84
Sed accumsan felis.,2004,Sampson Prinett,ullamcorper,98,nibh,89,sem,10
"Cum sociis natoque penatibus et magnis dis parturient montes, nascetur ridiculus mus.",1991,Obie Westfield,tortor,98,nonummy,67,ante,10
Integer tincidunt ante vel ipsum.,1993,Adelbert Crowdson,nulla,93,sem,120,vel,92
Sed sagittis.,2010,Jacenta Backsal,tempus,53,blandit,73,volutpat,92
"Donec diam neque, vestibulum eget, vulputate ut, ultrices vel, augue.",1992,Traver Bryceson,quis,76,eros,73,tempus,80
"Vestibulum quam sapien, varius ut, blandit non, interdum in, ante.",2012,Mayer Rakes,sed,98,dui,120,id,129
In hac habitasse platea dictumst.,1993,Loutitia Hanscome,diam,84,in,89,quisque,84
Vivamus in felis eu sapien cursus vestibulum.,2003,Mattheus Cavnor,integer,93,diam,89,ornare,89
Maecenas tincidunt lacus at velit.,1993,Logan Dorian,viverra,76,nulla,65,gravida,10
Donec ut mauris eget massa tempor convallis.,1991,Arri Vogl,vulputate,23,id,59,erat,10
"Cras mi pede, malesuada in, imperdiet et, commodo vulputate, justo.",1989,Filbert Blazdell,vel,12,volutpat,120,nulla,129
In congue.,2007,Rickert Wadforth,odio,23,ut,19,sit,19
"Quisque arcu libero, rutrum ac, lobortis vel, dapibus at, diam.",2007,Tommie Coche,lorem,84,nisl,89,pede,89
"In est risus, auctor sed, tristique in, tempus sit amet, sem.",1998,Wes Grasha,quam,84,sed,67,non,129
Vivamus vel nulla eget eros elementum pellentesque.,2012,Emmaline Shelley,mauris,93,platea,73,ridiculus,18
Etiam justo.,2001,Kennie Heiner,dapibus,29,id,65,molestie,89
In hac habitasse platea dictumst.,2006,Austina Benam,varius,12,eget,120,diam,129
Aliquam non mauris.,1998,Raul Jonk,tortor,98,purus,73,nulla,10
"Donec odio justo, sollicitudin ut, suscipit a, feugiat et, eros.",2002,Moina Spellsworth,mus,98,proin,65,venenatis,80
Proin risus.,1993,Claudelle Thorius,in,29,nisi,120,tincidunt,92
Etiam justo.,2012,Hastie Ingliby,auctor,53,consectetuer,89,vel,10
Morbi non lectus.,1998,Mariellen Clapson,justo,56,fusce,53,bibendum,89
Morbi vel lectus in quam fringilla rhoncus.,1986,Marla Gingles,aenean,12,orci,43,elementum,10
Duis mattis egestas metus.,2008,Hobart McDougle,proin,12,cras,67,nisl,10
Sed sagittis.,2009,Marielle Tuckett,in,42,lorem,67,sollicitudin,84
Aenean lectus.,1996,Miguelita Matyashev,erat,29,pulvinar,67,augue,90
Morbi ut odio.,2012,Adelaide Morando,varius,56,morbi,89,id,74
Morbi quis tortor id nulla ultrices aliquet.,2005,Zachariah Bangle,orci,12,nulla,120,aliquam,90
Morbi non lectus.,2011,Nanny Baddoe,primis,76,vestibulum,67,dui,80
Integer ac leo.,2005,Godart Pinnegar,amet,56,aliquam,67,dui,18
Praesent id massa id nisl venenatis lacinia.,2011,Skipp Norris,a,12,rhoncus,73,luctus,10
Sed sagittis.,1997,Gib Kingstne,lectus,53,interdum,120,tempus,92
Suspendisse ornare consequat lectus.,1992,Ruben Nickolls,curae,53,nulla,65,ornare,90
"Integer aliquet, massa id lobortis convallis, tortor risus dapibus augue, vel accumsan tellus nisi eu orci.",2010,Haily Minchinton,lacus,98,mi,67,nunc,84
Curabitur at ipsum ac tellus semper interdum.,2003,Maxy Copo,amet,93,donec,67,sociis,74
Etiam faucibus cursus urna.,2003,Dewey Dracksford,gravida,29,dignissim,59,at,92
Donec vitae nisi.,2010,Allis Garment,mauris,53,nunc,67,etiam,89
"Mauris enim leo, rhoncus sed, vestibulum sit amet, cursus id, turpis.",2001,Allegra Benz,sapien,56,non,73,amet,90
Nulla facilisi.,2007,Josephine Grishagin,magna,76,pulvinar,73,sed,10
Nunc purus.,1997,Hamel MacBrearty,maecenas,29,consequat,73,viverra,10
Nulla mollis molestie lorem.,1989,Dino Wheway,posuere,29,cras,89,vel,10
Aliquam quis turpis eget elit sodales scelerisque.,2003,Alistair Beake,pharetra,98,tincidunt,65,convallis,10
Duis aliquam convallis nunc.,2011,Teresina Colbron,odio,42,ut,59,sed,90
Aliquam erat volutpat.,2001,Delaney Lampart,aenean,53,maecenas,67,eget,89
Phasellus id sapien in sapien iaculis congue.,2004,Gabrielle Faughnan,integer,42,aliquam,73,et,18
Aliquam non mauris.,1999,Ainslee Pilfold,velit,29,dapibus,19,justo,89
Mauris ullamcorper purus sit amet nulla.,1993,Oneida Mattisssen,lobortis,76,venenatis,89,neque,92
In blandit ultrices enim.,1985,Joela Rollings,rhoncus,23,nullam,65,tincidunt,19
Nulla tellus.,1965,Hewett Beecham,lorem,93,bibendum,67,nisl,89
Nunc rhoncus dui vel sem.,2010,Calla Couves,vitae,76,elementum,59,in,10
Curabitur gravida nisi at nibh.,1996,Niki Pascoe,tristique,23,vestibulum,89,felis,74
Nullam varius.,2012,Elsinore Treversh,nisi,53,vivamus,65,id,74
Sed vel enim sit amet nunc viverra dapibus.,1996,Peyter Fallens,non,84,cum,65,vulputate,90
Aenean lectus.,2012,Erica Bonds,natoque,93,integer,67,pellentesque,74
Nullam sit amet turpis elementum ligula vehicula consequat.,1997,Sofia Sindle,habitasse,84,in,53,tincidunt,74
Maecenas pulvinar lobortis est.,2003,Nixie Frammingham,eleifend,42,lacus,19,nulla,92
"Fusce congue, diam id ornare imperdiet, sapien urna pretium nisl, ut volutpat sapien arcu sed augue.",1996,Horatius Gary,erat,76,sapien,67,pellentesque,10
"Proin leo odio, porttitor id, consequat in, consequat ut, nulla.",2003,Paige Bengtson,sed,98,mattis,67,velit,10
"Donec diam neque, vestibulum eget, vulputate ut, ultrices vel, augue.",1993,Dari Fleg,velit,23,sagittis,120,vivamus,10
Curabitur in libero ut massa volutpat convallis.,2006,Quint Hinrich,lobortis,98,ac,59,ut,10
Nulla tempus.,1992,Julianne Searsby,nam,84,morbi,53,eu,10
"Lorem ipsum dolor sit amet, consectetuer adipiscing elit.",2008,Alexine Marchenko,ac,56,augue,67,venenatis,10
"Fusce congue, diam id ornare imperdiet, sapien urna pretium nisl, ut volutpat sapien arcu sed augue.",2012,Duncan Bolf,egestas,93,vestibulum,53,id,19
"Quisque arcu libero, rutrum ac, lobortis vel, dapibus at, diam.",2007,Baxy Bishopp,in,76,orci,67,convallis,89
Nulla tempus.,1999,Link Makin,vel,12,adipiscing,65,vivamus,89
Vestibulum rutrum rutrum neque.,1990,Yulma Southey,volutpat,42,penatibus,65,ligula,18
Aliquam sit amet diam in magna bibendum imperdiet.,2003,Eduardo Benoix,ac,98,imperdiet,67,bibendum,10
"Morbi sem mauris, laoreet ut, rhoncus aliquet, pulvinar sed, nisl.",1998,Goober Spollen,maecenas,23,et,73,accumsan,92
Aliquam erat volutpat.,1984,Gene Slimings,convallis,56,cum,73,felis,10
Suspendisse ornare consequat lectus.,2002,Lanae Covert,aenean,53,purus,73,orci,92
Nullam sit amet turpis elementum ligula vehicula consequat.,2004,Pinchas Abrahmson,volutpat,42,turpis,120,sed,84
Nulla justo.,2000,Rubi Lamputt,praesent,93,fusce,59,sit,129
"Proin leo odio, porttitor id, consequat in, consequat ut, nulla.",1997,Waite Harner,nascetur,42,non,120,varius,18
In sagittis dui vel nisl.,1985,Jonell Bergstram,augue,23,volutpat,59,viverra,19
Nullam sit amet turpis elementum ligula vehicula consequat.,2009,Kerry Maestro,id,56,sapien,43,duis,19
"Morbi odio odio, elementum eu, interdum eu, tincidunt in, leo.",1993,Juliann Durban,velit,42,feugiat,67,sem,19
Suspendisse accumsan tortor quis turpis.,2001,Bunnie Couling,nulla,53,id,65,amet,90
Nullam porttitor lacus at turpis.,2013,Kerwinn Pyzer,aliquet,23,porttitor,67,velit,10
Aenean lectus.,1999,Armando Barsam,condimentum,93,nulla,65,libero,10
Duis ac nibh.,2006,Catherine Schneidar,maecenas,42,vel,59,leo,10
Integer tincidunt ante vel ipsum.,2005,Rustin Maden,justo,98,sit,59,turpis,19
Donec quis orci eget orci vehicula condimentum.,2011,Isaac Simakov,vitae,29,ipsum,89,curae,80
Aenean sit amet justo.,1984,Indira Catterell,duis,84,fusce,43,elementum,92
Nam dui.,2012,Bernice Parradye,lectus,12,venenatis,67,congue,84
Maecenas pulvinar lobortis est.,1958,Carlene Stithe,neque,23,mi,53,sit,90
Fusce posuere felis sed lacus.,2012,Nester Semmens,dictumst,84,duis,67,dignissim,19
Maecenas pulvinar lobortis est.,2012,Rand Brookes,tortor,98,libero,120,nec,80
Pellentesque ultrices mattis odio.,2012,Gratiana Wickendon,mi,93,velit,59,potenti,10
"Donec odio justo, sollicitudin ut, suscipit a, feugiat et, eros.",1990,Janeta Fairley,condimentum,76,mi,53,varius,10
"Maecenas leo odio, condimentum id, luctus nec, molestie sed, justo.",2010,Lorena Shakelade,in,93,leo,89,tristique,10
Mauris lacinia sapien quis libero.,1994,Corella Jacobowits,arcu,12,non,65,ac,10
Fusce consequat.,1991,Sigismond Buggy,ipsum,53,et,89,risus,84
Phasellus sit amet erat.,2012,Cassandry Crackett,dui,53,morbi,67,platea,90
Curabitur in libero ut massa volutpat convallis.,1996,Betti Larwell,risus,12,nunc,53,leo,89
Aenean sit amet justo.,2000,Cynthie Butterwick,quam,84,fusce,73,enim,10
Nam dui.,2007,Davidson Kleinhausen,risus,42,hac,19,curabitur,80
"Integer pede justo, lacinia eget, tincidunt eget, tempus vel, pede.",2004,Erasmus Gillani,nisi,23,nisl,67,dolor,10
Morbi ut odio.,1984,Burg Birrell,nam,56,velit,120,ac,84
"Cras mi pede, malesuada in, imperdiet et, commodo vulputate, justo.",2005,Rutter Wildber,mus,93,penatibus,89,consequat,10
Maecenas tincidunt lacus at velit.,2004,Alysa Sally,lobortis,93,viverra,120,morbi,129
Nulla suscipit ligula in lacus.,1998,Cameron Thurnham,non,93,habitasse,67,amet,10
Pellentesque eget nunc.,1987,Marie-jeanne Mowson,nibh,12,proin,43,diam,92
Praesent blandit.,2012,Honey Manske,odio,42,porttitor,89,velit,18
Donec vitae nisi.,2001,Odie Philo,quam,29,nulla,67,faucibus,84
Nullam sit amet turpis elementum ligula vehicula consequat.,2008,Franciskus Bumpass,sapien,84,parturient,19,vel,10
In hac habitasse platea dictumst.,2005,Caterina Setterington,integer,98,leo,65,tortor,74
"Duis bibendum, felis sed interdum venenatis, turpis enim blandit mi, in porttitor pede justo eu massa.",2011,Vernice Coulthard,elementum,42,nulla,120,sit,84
Quisque ut erat.,2008,Niall Jozefczak,blandit,93,dictumst,120,luctus,18
"Cum sociis natoque penatibus et magnis dis parturient montes, nascetur ridiculus mus.",2006,Alma Ewing,fusce,98,gravida,65,ut,10
"Mauris enim leo, rhoncus sed, vestibulum sit amet, cursus id, turpis.",2010,Christabel Jenton,eu,76,amet,73,phasellus,89
"In est risus, auctor sed, tristique in, tempus sit amet, sem.",1993,Celestyn Aartsen,congue,56,justo,53,sollicitudin,90
Proin interdum mauris non ligula pellentesque ultrices.,1992,Briana Astall,vivamus,98,proin,43,a,18
Vivamus vestibulum sagittis sapien.,1995,Carola Pickrill,eu,12,nunc,67,enim,89
"Proin leo odio, porttitor id, consequat in, consequat ut, nulla.",1996,Kendell Kenn,nibh,53,aliquam,73,odio,18
Quisque id justo sit amet sapien dignissim vestibulum.,1994,Ravid Britnell,sed,76,erat,59,placerat,84
"In est risus, auctor sed, tristique in, tempus sit amet, sem.",1997,Ricky Coolbear,varius,12,id,65,porttitor,19
Suspendisse ornare consequat lectus.,2004,Duky Yankishin,aliquet,98,et,67,in,18
Aenean fermentum.,2005,Inger Pitman,dictumst,12,pede,43,volutpat,10
"Donec diam neque, vestibulum eget, vulputate ut, ultrices vel, augue.",2011,Drew Doy,tincidunt,93,id,67,tortor,19
Vestibulum sed magna at nunc commodo placerat.,2007,Chrysler Kidby,vestibulum,93,lectus,89,nisi,92
"Nam ultrices, libero non mattis pulvinar, nulla pede ullamcorper augue, a suscipit nulla elit ac nulla.",1992,Leon Sparrow,aliquam,29,ultricies,89,ut,80
Curabitur at ipsum ac tellus semper interdum.,2009,Dotti Harnes,eu,29,volutpat,53,faucibus,90
Vestibulum ante ipsum primis in faucibus orci luctus et ultrices posuere cubilia Curae; Duis faucibus accumsan odio.,2012,Delmore Mulliner,sociis,12,nam,53,vitae,90
"Morbi sem mauris, laoreet ut, rhoncus aliquet, pulvinar sed, nisl.",2006,Andy Carnew,pede,98,lorem,53,venenatis,89
Maecenas ut massa quis augue luctus tincidunt.,1995,Quintin Saltman,dolor,29,convallis,65,a,10
Aenean sit amet justo.,1983,Myrtia Fassbender,vel,42,felis,67,in,80
Donec ut mauris eget massa tempor convallis.,1998,Tiertza Carrack,nibh,42,quis,73,augue,89
Donec dapibus.,2002,Edna Creaser,ultrices,84,tortor,120,enim,18
Sed ante.,2007,Laurena Jedrzejczak,non,76,viverra,89,quisque,90
"Quisque arcu libero, rutrum ac, lobortis vel, dapibus at, diam.",2012,Colleen Van Eeden,congue,76,purus,19,donec,84
"Cum sociis natoque penatibus et magnis dis parturient montes, nascetur ridiculus mus.",1986,Saul Ledrane,interdum,12,porta,19,maecenas,18
Pellentesque eget nunc.,1995,Jedidiah Maroney,quam,29,quam,65,eu,89
Maecenas tincidunt lacus at velit.,2007,Avictor Dalgarnocht,id,12,metus,19,in,89
Donec ut mauris eget massa tempor convallis.,1997,Elora Kunze,ac,42,ullamcorper,67,rhoncus,89
Donec ut dolor.,1990,Marena Rambaut,lacus,98,aliquam,59,in,10
"Integer pede justo, lacinia eget, tincidunt eget, tempus vel, pede.",2008,Gilbert Beston,donec,12,montes,67,mauris,10
"Maecenas tristique, est et tempus semper, est quam pharetra magna, ac consequat metus sapien ut nunc.",1994,Philipa Rhubottom,vulputate,12,justo,67,accumsan,129
Fusce posuere felis sed lacus.,2012,Renard Elis,lorem,23,mauris,120,nulla,90
Nulla tempus.,1995,Ansley Mowsdill,pede,12,molestie,53,iaculis,19
Curabitur gravida nisi at nibh.,1992,Pascal Garham,nisi,23,quisque,59,maecenas,74
Aliquam sit amet diam in magna bibendum imperdiet.,1997,Curt Gronauer,nec,42,ligula,65,ipsum,84
Vestibulum ac est lacinia nisi venenatis tristique.,2010,Elenore Gairdner,amet,53,cursus,19,mauris,19
Maecenas rhoncus aliquam lacus.,2010,Lancelot Tattershall,eleifend,53,nulla,43,vivamus,18
Pellentesque at nulla.,1989,Elisha Meiklem,tincidunt,29,arcu,53,primis,90
Cras in purus eu magna vulputate luctus.,2008,Florencia Gawthorp,magna,29,ligula,59,convallis,129
Morbi a ipsum.,2003,Salvidor Essame,donec,29,sit,73,ut,90
Aliquam quis turpis eget elit sodales scelerisque.,1997,Ettore Hazeup,etiam,29,diam,43,purus,19
Nulla ac enim.,2010,Donni Helsdon,sit,56,risus,89,id,10
Etiam pretium iaculis justo.,2009,Karie Sunnucks,nulla,53,in,53,lorem,80
Nunc nisl.,2012,Melloney Thrift,urna,76,sodales,59,tincidunt,19
Vestibulum ac est lacinia nisi venenatis tristique.,1996,Asher Eccleston,mauris,84,donec,19,turpis,90
"Nullam orci pede, venenatis non, sodales sed, tincidunt eu, felis.",2004,Maribeth Laurencot,vel,98,justo,73,vel,80
Curabitur gravida nisi at nibh.,1996,Jorgan Merington,tempor,23,lacinia,59,sed,10
Suspendisse potenti.,2009,Kacy Englishby,felis,56,sapien,19,ut,10
"Maecenas leo odio, condimentum id, luctus nec, molestie sed, justo.",2004,Elinore Bartol,in,23,morbi,19,nulla,10
Nam dui.,1993,Sheila Phippin,justo,42,lacus,65,ligula,84
In hac habitasse platea dictumst.,2009,Halie Klejna,commodo,56,rutrum,67,venenatis,89
Integer non velit.,1993,Jeno Runham,lectus,93,orci,67,dui,90
Morbi non lectus.,2009,Dawn Commander,lobortis,56,in,67,lectus,84
"Vivamus metus arcu, adipiscing molestie, hendrerit at, vulputate vitae, nisl.",2004,Loreen Dreier,justo,29,in,59,morbi,129
Aliquam non mauris.,1999,Laverna Railton,condimentum,29,odio,67,sed,129
"Fusce congue, diam id ornare imperdiet, sapien urna pretium nisl, ut volutpat sapien arcu sed augue.",2002,Ari Riedel,proin,76,aliquam,59,ut,10
Mauris sit amet eros.,1996,Godfry Buzzing,at,23,ut,67,tincidunt,89
Vivamus in felis eu sapien cursus vestibulum.,2012,Rudyard Coffelt,posuere,98,iaculis,67,suspendisse,10
"Quisque erat eros, viverra eget, congue eget, semper rutrum, nulla.",2008,Vitoria Pilgram,tristique,56,porttitor,65,sociis,80
Nam dui.,1997,Frederick Newberry,dictumst,53,sit,19,vel,10
Nullam varius.,1996,Calida Irdale,sapien,29,orci,89,libero,19
Proin at turpis a pede posuere nonummy.,1996,Pennie Moxsom,tortor,42,gravida,67,aenean,84
Morbi non lectus.,1993,Luise Standall,nunc,53,vehicula,59,pellentesque,129
Vestibulum ante ipsum primis in faucibus orci luctus et ultrices posuere cubilia Curae; Mauris viverra diam vitae quam.,2004,Patrizio Lauritsen,et,42,nec,67,sed,89
Etiam vel augue.,1997,Edie McGeouch,faucibus,98,auctor,73,lorem,90
Aenean auctor gravida sem.,2009,Sashenka O' Meara,aliquam,29,ut,120,interdum,10
Phasellus in felis.,2011,Benjamen Gerrietz,pharetra,12,mus,59,non,89
"Integer aliquet, massa id lobortis convallis, tortor risus dapibus augue, vel accumsan tellus nisi eu orci.",2011,Jill Markussen,proin,56,magna,73,ut,90
Etiam pretium iaculis justo.,1998,Veriee Caplis,non,12,posuere,43,odio,10
Suspendisse ornare consequat lectus.,1989,Magnum Odegaard,sit,42,enim,67,id,18
Nullam molestie nibh in lectus.,1999,Ruy Perrygo,justo,98,fusce,53,accumsan,89
Curabitur convallis.,2003,Oran Gircke,vehicula,53,ridiculus,73,integer,80
Quisque id justo sit amet sapien dignissim vestibulum.,2009,Aubry Tibbs,luctus,93,donec,65,elementum,89
Nulla tellus.,2005,Miguelita Gorusso,mi,56,libero,19,tincidunt,89
"Quisque erat eros, viverra eget, congue eget, semper rutrum, nulla.",1985,Corabel Francombe,ultrices,84,lorem,67,gravida,74
"Mauris enim leo, rhoncus sed, vestibulum sit amet, cursus id, turpis.",2011,Ulysses Lafuente,viverra,29,sapien,120,faucibus,89
Vivamus in felis eu sapien cursus vestibulum.,2002,Hank Rannigan,duis,93,ipsum,43,imperdiet,129
Mauris ullamcorper purus sit amet nulla.,2007,Kattie Pilkinton,aliquam,12,accumsan,65,lacinia,10
Morbi a ipsum.,2009,Sky Durdle,mauris,53,id,43,dui,10
In blandit ultrices enim.,1997,Michaela Eidler,sapien,76,faucibus,89,ultricies,10
Nullam molestie nibh in lectus.,1995,Artie Egginton,et,29,in,120,duis,84
"Nullam orci pede, venenatis non, sodales sed, tincidunt eu, felis.",1985,Augusta Pyburn,nunc,76,congue,65,facilisi,10
Duis aliquam convallis nunc.,1994,Kinnie Zarfati,massa,76,purus,67,in,92
Etiam justo.,2007,Lennie Boules,amet,56,lacus,120,ultrices,92
Vestibulum ac est lacinia nisi venenatis tristique.,1994,Vernice O'Leahy,massa,23,congue,19,felis,10
Nullam porttitor lacus at turpis.,1988,Taber McLoney,tempus,23,luctus,67,turpis,92
"Cras mi pede, malesuada in, imperdiet et, commodo vulputate, justo.",1999,Hewet Mayze,molestie,56,lobortis,19,ligula,89
"Donec diam neque, vestibulum eget, vulputate ut, ultrices vel, augue.",2007,Enriqueta Yerlett,turpis,93,pellentesque,120,amet,129
Pellentesque at nulla.,1990,Baillie Staines,tincidunt,23,integer,19,et,10
Suspendisse potenti.,1984,Reena Verna,mi,76,a,67,donec,10
"Nam ultrices, libero non mattis pulvinar, nulla pede ullamcorper augue, a suscipit nulla elit ac nulla.",1992,Caty Draude,in,93,sapien,67,laoreet,89
Cras in purus eu magna vulputate luctus.,1995,Arturo Van't Hoff,vestibulum,42,duis,43,nunc,80
"Mauris enim leo, rhoncus sed, vestibulum sit amet, cursus id, turpis.",2006,Katti Dresse,viverra,29,elit,120,faucibus,80
Nulla tellus.,2010,Cindi Johnsey,sapien,29,nulla,59,diam,18
Mauris ullamcorper purus sit amet nulla.,2010,Ekaterina Whittington,arcu,29,id,19,habitasse,80
"Integer pede justo, lacinia eget, tincidunt eget, tempus vel, pede.",1994,Teddie Longo,odio,12,congue,53,risus,90
In eleifend quam a odio.,1995,Moe Janczewski,sapien,23,sapien,65,leo,80
"Nulla neque libero, convallis eget, eleifend luctus, ultricies eu, nibh.",2002,Skippie Marthen,elementum,53,ut,120,suscipit,74
Cras in purus eu magna vulputate luctus.,1993,Burk Egginton,felis,56,sociis,43,elementum,80
"Cum sociis natoque penatibus et magnis dis parturient montes, nascetur ridiculus mus.",1995,Tomasine Vagges,lacinia,93,habitasse,120,vel,84
Maecenas ut massa quis augue luctus tincidunt.,2003,Riccardo Gadaud,varius,84,neque,43,est,89
Quisque id justo sit amet sapien dignissim vestibulum.,2008,Hortense Palmby,eget,42,nisl,67,congue,84
Morbi non quam nec dui luctus rutrum.,2010,Michell Concannon,lorem,84,lorem,43,lacus,80
Nam dui.,1994,Menard Reast,eu,76,id,43,at,92
Duis consequat dui nec nisi volutpat eleifend.,2008,Magdalen Pipe,fermentum,29,eu,67,pede,129
Pellentesque at nulla.,2010,Casandra Cadany,risus,53,mi,120,duis,19
"Proin leo odio, porttitor id, consequat in, consequat ut, nulla.",2006,Connie Harbertson,mauris,76,odio,73,cursus,89
Mauris lacinia sapien quis libero.,1992,Madelyn McKain,interdum,12,sit,67,nascetur,80
In hac habitasse platea dictumst.,2003,Estell Pinder,in,42,nibh,67,erat,10
"Fusce congue, diam id ornare imperdiet, sapien urna pretium nisl, ut volutpat sapien arcu sed augue.",2009,Allene Rainbird,tempus,23,odio,67,erat,74
Proin interdum mauris non ligula pellentesque ultrices.,1993,Helenka McLaverty,rhoncus,93,in,53,volutpat,74
Maecenas pulvinar lobortis est.,1994,Inglebert Ghidelli,at,42,maecenas,67,tristique,18
Curabitur convallis.,2008,Denver Outram,et,56,pede,59,semper,92
Quisque porta volutpat erat.,1987,Rayner Tompion,eget,29,faucibus,65,cubilia,10
Sed sagittis.,1987,Freddy Camillo,morbi,29,vitae,65,ante,74
Morbi quis tortor id nulla ultrices aliquet.,1997,Lovell Whatling,quis,23,diam,89,penatibus,129
"Nullam orci pede, venenatis non, sodales sed, tincidunt eu, felis.",1989,Kara Winser,ut,53,ut,59,adipiscing,129
"Aliquam augue quam, sollicitudin vitae, consectetuer eget, rutrum at, lorem.",2007,Adaline Fulkes,sed,93,integer,59,nisl,89
"Maecenas tristique, est et tempus semper, est quam pharetra magna, ac consequat metus sapien ut nunc.",1991,Francyne Breming,sit,56,vulputate,43,lacinia,80
"Morbi vestibulum, velit id pretium iaculis, diam erat fermentum justo, nec condimentum neque sapien placerat ante.",2009,Efrem Hackelton,tincidunt,76,nibh,43,vestibulum,92
Aliquam quis turpis eget elit sodales scelerisque.,1963,Hilda Miskin,sapien,23,et,53,at,18
Pellentesque viverra pede ac diam.,2000,Arin Braunter,habitasse,23,libero,65,pellentesque,129
Sed sagittis.,2004,Bili Dursley,semper,93,vivamus,120,aliquam,10
In blandit ultrices enim.,1999,Trudy Lindstrom,vivamus,56,viverra,19,tortor,129
Maecenas tincidunt lacus at velit.,2006,Purcell Silverthorne,adipiscing,12,vitae,73,posuere,129
Suspendisse potenti.,2009,Rachael Stannard,cum,53,enim,19,ut,129
In hac habitasse platea dictumst.,2006,Jedidiah Scalia,porta,29,porttitor,89,quis,92
Sed vel enim sit amet nunc viverra dapibus.,2009,Humberto Cowmeadow,libero,84,convallis,89,velit,92
Vivamus vel nulla eget eros elementum pellentesque.,2005,Querida Borge,diam,12,et,67,accumsan,10
Duis aliquam convallis nunc.,1995,Marc Johnsson,sem,23,pellentesque,120,erat,129
Nulla ac enim.,2001,Thorvald Mault,cursus,56,suscipit,43,turpis,18
Nam dui.,2003,Emily Micklewright,orci,23,vestibulum,19,justo,10
Suspendisse potenti.,1991,Roby McNutt,lectus,98,morbi,43,morbi,90
"Morbi vestibulum, velit id pretium iaculis, diam erat fermentum justo, nec condimentum neque sapien placerat ante.",1992,Emmi Isakson,sapien,84,blandit,67,consequat,89
Etiam pretium iaculis justo.,2001,Brandais Sturton,mus,98,erat,43,quisque,90
"Mauris enim leo, rhoncus sed, vestibulum sit amet, cursus id, turpis.",2008,Jens Madeley,natoque,12,suscipit,53,nunc,89
Integer ac leo.,1988,Joline Erlam,libero,53,quam,65,in,19
Pellentesque eget nunc.,1989,Beth Flintoft,commodo,23,habitasse,65,congue,18
Donec vitae nisi.,2010,Donny Corwood,rhoncus,56,proin,65,aliquam,129
Curabitur in libero ut massa volutpat convallis.,2009,Alyson Swainsbury,platea,12,ultrices,73,vel,19
Donec semper sapien a libero.,2003,Franny Hatfull,nisl,76,mauris,67,eu,10
"Nulla neque libero, convallis eget, eleifend luctus, ultricies eu, nibh.",2000,Towny Jeger,ac,56,adipiscing,59,amet,19
Proin eu mi.,1989,Margit Scinelli,maecenas,93,tristique,120,hac,92
Duis aliquam convallis nunc.,2007,Kasper McHarry,mi,84,tincidunt,43,eleifend,90
Sed sagittis.,1992,Tabby Diaper,ultrices,84,donec,67,eu,10
Praesent id massa id nisl venenatis lacinia.,2005,Rivy Tarbox,lorem,76,tortor,43,luctus,129
"Fusce congue, diam id ornare imperdiet, sapien urna pretium nisl, ut volutpat sapien arcu sed augue.",2003,Marty Temlett,aenean,23,nulla,120,nec,10
Pellentesque ultrices mattis odio.,1999,Birgitta O'Griffin,elementum,93,ligula,53,consequat,18
Quisque ut erat.,1999,Bond Wadhams,nisi,98,ultrices,73,justo,19
Mauris ullamcorper purus sit amet nulla.,2009,Dietrich Zaczek,aliquam,12,nulla,19,eu,90
Nunc nisl.,1991,Ambur Grace,cubilia,93,sagittis,59,erat,74
Curabitur at ipsum ac tellus semper interdum.,2003,Concordia Medhurst,mauris,56,eu,73,quisque,74
Duis consequat dui nec nisi volutpat eleifend.,1984,Lois Shore,dapibus,98,quis,53,nec,84
Suspendisse potenti.,2008,Estevan Patinkin,donec,12,sem,120,eleifend,80
Nulla mollis molestie lorem.,1992,Cosmo Gabler,phasellus,56,ipsum,73,blandit,10
Fusce consequat.,2006,Bev Waggett,justo,42,consequat,59,ut,90
Integer ac leo.,2006,Blondie Havill,ligula,42,vestibulum,89,vestibulum,10
Pellentesque eget nunc.,2011,Carleen Whines,sed,98,libero,89,aenean,74
Nam tristique tortor eu pede.,1997,Corie Strelitz,curae,76,dictumst,120,congue,80
Donec dapibus.,2008,Silvie Humphris,nibh,42,vitae,43,metus,10
Quisque porta volutpat erat.,2011,Susy Padwick,vel,56,vestibulum,65,nulla,18
Nulla suscipit ligula in lacus.,1989,Amii Cloy,vulputate,53,eleifend,67,non,129
In hac habitasse platea dictumst.,1993,Carola Cicconetti,aliquet,56,id,89,orci,19
Donec dapibus.,1960,Rafaelita Fisk,ante,29,vel,67,habitasse,10
Aenean auctor gravida sem.,2004,Bunny Hauxwell,nunc,56,molestie,89,scelerisque,74
Proin interdum mauris non ligula pellentesque ultrices.,2010,Marty Cortnay,orci,53,in,65,ut,19
Sed ante.,1992,Anselm Bastiman,elementum,76,posuere,19,luctus,18
"Nam ultrices, libero non mattis pulvinar, nulla pede ullamcorper augue, a suscipit nulla elit ac nulla.",2011,Katy Selvester,erat,23,odio,120,justo,90
Etiam pretium iaculis justo.,1994,Zena Peascod,iaculis,93,velit,67,ligula,10
In hac habitasse platea dictumst.,1993,Mariana Stratley,magna,23,tortor,59,elit,18
Vestibulum ante ipsum primis in faucibus orci luctus et ultrices posuere cubilia Curae; Mauris viverra diam vitae quam.,2008,Valentino Hutcheson,vel,98,blandit,67,consequat,84
Integer ac neque.,1999,Randi Giacomello,at,98,elementum,73,nunc,10
"Vivamus metus arcu, adipiscing molestie, hendrerit at, vulputate vitae, nisl.",2007,Erik Fitzhenry,mattis,12,ultrices,19,semper,80
Duis bibendum.,1995,Gerry Girdwood,faucibus,42,suspendisse,67,est,92
"Fusce lacus purus, aliquet at, feugiat non, pretium quis, lectus.",1995,Beulah Dabbes,a,84,leo,89,libero,10
"Duis bibendum, felis sed interdum venenatis, turpis enim blandit mi, in porttitor pede justo eu massa.",2006,Cathyleen Harroll,proin,98,lectus,19,vehicula,18
Integer non velit.,2004,Oralle Sandyford,bibendum,23,non,53,ultrices,90
"Cras mi pede, malesuada in, imperdiet et, commodo vulputate, justo.",1998,Agneta McVee,tincidunt,23,nam,59,dolor,129
Aenean sit amet justo.,1995,Cassy Baunton,blandit,98,pulvinar,67,augue,18
Etiam justo.,2002,Vivyan Espadas,sit,93,euismod,59,nulla,19
Maecenas tincidunt lacus at velit.,1988,Darda Slyme,iaculis,93,vestibulum,67,vitae,129
"Donec diam neque, vestibulum eget, vulputate ut, ultrices vel, augue.",2007,Jay Blasl,erat,53,nulla,89,natoque,10
Nunc purus.,2008,Gannie Daubney,in,12,sit,89,quis,90
Morbi non lectus.,2001,Freddy Sigge,massa,29,sit,19,pretium,84
Donec semper sapien a libero.,2008,Jemmy Wallbutton,lacinia,76,sed,43,hac,10
"Morbi sem mauris, laoreet ut, rhoncus aliquet, pulvinar sed, nisl.",1994,Nicoli Hedworth,hac,53,eget,19,id,10
Duis at velit eu est congue elementum.,2002,Norbert Mathivet,ut,56,est,67,id,80
Donec posuere metus vitae ipsum.,1981,Orrin Patience,ut,53,sapien,53,nullam,90
Nulla ac enim.,1995,Rochella Doleman,at,53,vel,19,commodo,10
Morbi vel lectus in quam fringilla rhoncus.,2004,Robena Wisam,volutpat,84,vitae,67,sollicitudin,74
"Integer pede justo, lacinia eget, tincidunt eget, tempus vel, pede.",2009,Leah Dine-Hart,ultrices,93,at,53,congue,90
Nullam porttitor lacus at turpis.,2002,Christel Pennell,tempor,42,natoque,43,non,80
Cras non velit nec nisi vulputate nonummy.,1994,Linnie Lord,nec,98,platea,19,pede,19
Suspendisse potenti.,2004,Mort MacDonogh,arcu,84,iaculis,73,condimentum,129
Nulla ut erat id mauris vulputate elementum.,2002,Celisse Edlin,sed,56,interdum,67,quam,80
Morbi non lectus.,2006,Barbra Paine,justo,12,diam,67,tempus,10
Nullam molestie nibh in lectus.,2000,Emery Kubalek,pretium,98,eu,43,mattis,19
Vivamus vestibulum sagittis sapien.,1994,Nikolai Sconce,orci,12,felis,89,congue,18
Duis ac nibh.,2002,Giselle Twomey,nunc,84,nulla,43,vel,89
Vestibulum ante ipsum primis in faucibus orci luctus et ultrices posuere cubilia Curae; Mauris viverra diam vitae quam.,2008,Garfield Wardale,posuere,56,in,89,suspendisse,10
"Proin leo odio, porttitor id, consequat in, consequat ut, nulla.",2005,Georas Cristol,et,53,congue,65,porta,90
Sed sagittis.,1964,Sarina Larkcum,integer,23,velit,67,tempor,19
Nullam molestie nibh in lectus.,2004,Goraud Dicker,sit,12,elit,89,posuere,84
Suspendisse ornare consequat lectus.,1965,Aube Mulqueeny,in,93,est,19,posuere,90
Proin eu mi.,2001,Corbett Humber,suspendisse,53,odio,89,a,10
Quisque porta volutpat erat.,1997,Jim Somner,pretium,23,praesent,43,sit,129
"Morbi sem mauris, laoreet ut, rhoncus aliquet, pulvinar sed, nisl.",2011,Farly Frenzl,eget,56,quisque,67,in,90
"Quisque arcu libero, rutrum ac, lobortis vel, dapibus at, diam.",1998,Web Pauleau,mi,23,volutpat,120,sapien,74
Pellentesque eget nunc.,1999,Pavel Itscovitz,eu,29,luctus,89,vitae,10
Aenean fermentum.,2001,Alberta Punton,faucibus,93,quisque,53,suscipit,89
Maecenas tincidunt lacus at velit.,1993,Flo Hammer,quis,76,in,89,est,10
"Nam congue, risus semper porta volutpat, quam pede lobortis ligula, sit amet eleifend pede libero quis orci.",1991,Hermine De la Eglise,in,93,semper,19,nisi,19
Nullam varius.,2001,Wilie Beteriss,posuere,56,dui,19,consequat,92
Fusce posuere felis sed lacus.,1993,Nolan Fawdery,quis,93,proin,120,est,90
Duis at velit eu est congue elementum.,1996,Carl Thickens,nulla,98,ac,19,lorem,92
Aenean sit amet justo.,2003,Sanderson Talloe,mi,56,eleifend,67,mattis,74
Integer ac neque.,2005,Amy Robardet,enim,42,dolor,19,sapien,18
Morbi non quam nec dui luctus rutrum.,2008,Bernadene Plewman,et,42,ipsum,53,ullamcorper,84
Duis bibendum.,2007,Arvy Postan,luctus,98,ante,120,nam,19
Aliquam sit amet diam in magna bibendum imperdiet.,2008,Ebba Lydden,velit,12,ante,43,ornare,89
"In est risus, auctor sed, tristique in, tempus sit amet, sem.",1998,Avivah Jekyll,vel,53,blandit,19,metus,80
Morbi vel lectus in quam fringilla rhoncus.,1987,Hetti Cartan,id,53,ac,89,etiam,10
"Lorem ipsum dolor sit amet, consectetuer adipiscing elit.",2008,Jack Wardhough,mauris,84,blandit,53,turpis,90
"Cras mi pede, malesuada in, imperdiet et, commodo vulputate, justo.",1966,Mariele Whitley,in,23,eu,65,sagittis,74
"Maecenas tristique, est et tempus semper, est quam pharetra magna, ac consequat metus sapien ut nunc.",2011,Dennie Ruxton,dapibus,98,maecenas,67,ut,92
"Cum sociis natoque penatibus et magnis dis parturient montes, nascetur ridiculus mus.",1968,Starlene Puttergill,odio,42,in,19,id,84
Proin interdum mauris non ligula pellentesque ultrices.,1999,Adi Lovie,at,84,a,59,in,74
"In est risus, auctor sed, tristique in, tempus sit amet, sem.",2009,Nicolette Jowers,quam,76,justo,19,lacus,90
Duis ac nibh.,1993,Harrie Cresswell,hac,29,etiam,65,augue,18
Pellentesque at nulla.,1997,Paxton MacPhee,accumsan,23,augue,73,in,84
Aenean auctor gravida sem.,2004,Thaxter Romanini,sem,76,ipsum,120,consequat,129
"Aliquam augue quam, sollicitudin vitae, consectetuer eget, rutrum at, lorem.",2008,Teri Franzman,penatibus,98,quam,67,cubilia,90
Morbi porttitor lorem id ligula.,2013,Robenia Inchley,cras,98,lectus,59,felis,18
Morbi vel lectus in quam fringilla rhoncus.,2011,Brandise Cavill,vel,84,quam,73,ultrices,129
Phasellus sit amet erat.,2003,Merl Bamforth,sit,93,sapien,19,eleifend,10
Suspendisse potenti.,1990,Joya MacGillicuddy,posuere,84,tortor,53,in,18
Fusce consequat.,1993,Cornelius Bonsey,dapibus,12,maecenas,19,lacinia,90
"Maecenas tristique, est et tempus semper, est quam pharetra magna, ac consequat metus sapien ut nunc.",2013,Dedra Vedeniktov,id,56,tincidunt,65,ac,84
Integer a nibh.,1998,Griffith Kelberman,quisque,76,convallis,59,blandit,129
Morbi non lectus.,1985,Johny Conti,ut,42,ut,89,nullam,10
In eleifend quam a odio.,1999,Menard Tranfield,massa,56,semper,120,vestibulum,74
Aenean sit amet justo.,2008,Cleopatra Tasseler,libero,56,dolor,120,eget,90
Vivamus vestibulum sagittis sapien.,1996,Bibbye Maylott,accumsan,98,ac,53,orci,90
Vivamus tortor.,2006,Rycca Bingham,nisl,98,ut,120,mauris,84
Duis mattis egestas metus.,2004,Thacher Lansdown,nam,42,ipsum,43,nulla,19
Mauris lacinia sapien quis libero.,2002,Krystalle O'Lunney,ipsum,76,vulputate,19,odio,80
Morbi quis tortor id nulla ultrices aliquet.,1984,Bea Ivie,nulla,12,magna,65,interdum,92
Sed sagittis.,2008,Mathian Gibby,amet,12,massa,43,est,129
Nunc purus.,2006,Lottie Yarham,sapien,56,erat,67,leo,90
Ut tellus.,1995,Berkie McIlmurray,lorem,56,nam,19,vel,89
